age,gender,time_spent,platform,interests,location,demographics,profession,income,isHomeOwner,Owns_Car
56,male,3,Instagram,Sports,United Kingdom,Urban,Software Engineer,19774,FALSE,FALSE
46,female,2,Facebook,Travel,United Kingdom,Urban,Student,10564,TRUE,TRUE
32,male,8,Instagram,Sports,Australia,Sub_Urban,Marketer Manager,13258,FALSE,FALSE
60,non-binary,5,Instagram,Travel,United Kingdom,Urban,Student,12500,TRUE,FALSE
25,male,1,Instagram,Lifestlye,Australia,Urban,Software Engineer,14566,TRUE,TRUE
38,male,3,Facebook,Travel,United States,Urban,Marketer Manager,19179,TRUE,TRUE
56,male,8,YouTube,Sports,United States,Urban,Student,16881,TRUE,TRUE
36,male,4,Instagram,Sports,Australia,Urban,Marketer Manager,13636,FALSE,TRUE
40,non-binary,7,YouTube,Lifestlye,Australia,Sub_Urban,Marketer Manager,16030,FALSE,TRUE
28,non-binary,2,Instagram,Sports,Australia,Sub_Urban,Marketer Manager,10223,FALSE,TRUE
28,female,7,YouTube,Lifestlye,United Kingdom,Urban,Student,16297,TRUE,FALSE
41,non-binary,5,Facebook,Sports,United States,Sub_Urban,Marketer Manager,10350,FALSE,FALSE
53,non-binary,5,Facebook,Sports,Australia,Rural,Student,17314,TRUE,TRUE
57,female,6,Instagram,Lifestlye,United Kingdom,Urban,Software Engineer,11928,TRUE,FALSE
41,non-binary,9,YouTube,Travel,United States,Rural,Student,17743,TRUE,FALSE
20,male,6,Facebook,Sports,United Kingdom,Sub_Urban,Software Engineer,18540,TRUE,FALSE
39,male,8,Instagram,Travel,United States,Sub_Urban,Student,14732,TRUE,FALSE
19,female,7,Instagram,Sports,United Kingdom,Rural,Marketer Manager,11017,TRUE,TRUE
41,female,9,Facebook,Sports,United States,Sub_Urban,Student,12226,FALSE,FALSE
61,female,4,Facebook,Sports,United States,Urban,Marketer Manager,17206,FALSE,FALSE
47,male,2,Instagram,Sports,United Kingdom,Rural,Software Engineer,17170,FALSE,TRUE
55,non-binary,7,YouTube,Travel,Australia,Urban,Student,16207,FALSE,TRUE
19,male,6,YouTube,Travel,United States,Rural,Marketer Manager,12419,TRUE,TRUE
38,female,1,YouTube,Sports,Australia,Sub_Urban,Software Engineer,16240,TRUE,TRUE
50,non-binary,9,Instagram,Sports,United Kingdom,Rural,Software Engineer,11893,FALSE,FALSE
29,non-binary,9,Facebook,Travel,Australia,Rural,Student,15322,FALSE,TRUE
39,male,2,Instagram,Lifestlye,Australia,Urban,Software Engineer,17718,FALSE,FALSE
61,female,3,Facebook,Lifestlye,Australia,Sub_Urban,Marketer Manager,16878,FALSE,FALSE
42,male,5,YouTube,Travel,Australia,Urban,Software Engineer,11125,FALSE,TRUE
44,non-binary,5,YouTube,Sports,Australia,Sub_Urban,Software Engineer,13117,FALSE,TRUE
59,male,1,Facebook,Sports,United States,Urban,Marketer Manager,14161,FALSE,TRUE
45,male,8,Facebook,Lifestlye,United States,Rural,Software Engineer,14042,FALSE,TRUE
33,female,8,Instagram,Lifestlye,United States,Urban,Software Engineer,14433,TRUE,TRUE
32,female,4,YouTube,Travel,United Kingdom,Sub_Urban,Software Engineer,18638,TRUE,TRUE
64,non-binary,7,Instagram,Lifestlye,Australia,Sub_Urban,Software Engineer,12658,TRUE,FALSE
61,male,3,Instagram,Travel,United States,Rural,Marketer Manager,13483,TRUE,FALSE
20,male,6,Instagram,Lifestlye,United Kingdom,Sub_Urban,Software Engineer,12944,FALSE,FALSE
54,male,9,YouTube,Lifestlye,United States,Urban,Marketer Manager,17210,TRUE,FALSE
24,non-binary,1,Instagram,Lifestlye,United States,Rural,Software Engineer,17653,FALSE,TRUE
38,non-binary,5,Instagram,Sports,Australia,Sub_Urban,Software Engineer,18787,TRUE,TRUE
26,female,4,Instagram,Sports,United Kingdom,Sub_Urban,Software Engineer,11986,FALSE,FALSE
56,female,8,Instagram,Sports,Australia,Urban,Software Engineer,11074,FALSE,FALSE
35,female,1,Instagram,Lifestlye,Australia,Urban,Marketer Manager,14305,TRUE,FALSE
21,male,9,Instagram,Travel,United States,Rural,Marketer Manager,13007,TRUE,TRUE
42,male,6,YouTube,Travel,Australia,Sub_Urban,Marketer Manager,10969,FALSE,TRUE
31,female,4,Instagram,Travel,United Kingdom,Urban,Student,18772,FALSE,TRUE
26,male,9,Facebook,Travel,Australia,Rural,Software Engineer,12824,FALSE,FALSE
43,female,5,Instagram,Sports,Australia,Sub_Urban,Software Engineer,11211,TRUE,FALSE
19,non-binary,5,Instagram,Sports,Australia,Sub_Urban,Marketer Manager,10229,TRUE,TRUE
37,female,5,YouTube,Lifestlye,United States,Rural,Student,14284,FALSE,TRUE
45,non-binary,1,YouTube,Lifestlye,United Kingdom,Rural,Software Engineer,13185,TRUE,FALSE
64,male,1,Facebook,Travel,United States,Urban,Marketer Manager,10501,FALSE,FALSE
24,female,8,Facebook,Sports,United States,Sub_Urban,Software Engineer,10048,TRUE,TRUE
61,male,8,YouTube,Travel,United States,Sub_Urban,Software Engineer,13566,TRUE,FALSE
25,non-binary,6,YouTube,Lifestlye,United States,Sub_Urban,Marketer Manager,13055,TRUE,TRUE
64,non-binary,4,Instagram,Lifestlye,United States,Rural,Marketer Manager,18880,TRUE,TRUE
52,non-binary,2,YouTube,Travel,United Kingdom,Urban,Software Engineer,10386,TRUE,FALSE
31,male,2,Facebook,Lifestlye,Australia,Sub_Urban,Software Engineer,10969,FALSE,FALSE
34,male,9,Instagram,Travel,United States,Rural,Marketer Manager,19197,FALSE,FALSE
53,male,5,Facebook,Sports,United States,Sub_Urban,Software Engineer,15820,TRUE,TRUE
57,male,4,Instagram,Travel,United Kingdom,Urban,Software Engineer,13052,FALSE,FALSE
21,non-binary,1,YouTube,Sports,United Kingdom,Sub_Urban,Marketer Manager,17397,FALSE,FALSE
19,non-binary,7,Facebook,Sports,Australia,Urban,Software Engineer,12302,TRUE,TRUE
23,female,3,Instagram,Lifestlye,United Kingdom,Urban,Software Engineer,12283,FALSE,TRUE
59,female,6,Instagram,Lifestlye,Australia,Sub_Urban,Student,19799,TRUE,FALSE
21,male,5,YouTube,Lifestlye,United States,Sub_Urban,Marketer Manager,14366,FALSE,TRUE
46,non-binary,5,YouTube,Travel,United States,Urban,Student,10122,FALSE,TRUE
35,non-binary,5,YouTube,Travel,Australia,Rural,Student,16799,FALSE,TRUE
43,non-binary,1,Facebook,Lifestlye,United Kingdom,Urban,Student,19472,FALSE,FALSE
61,female,1,Instagram,Travel,Australia,Sub_Urban,Software Engineer,13727,FALSE,FALSE
51,female,3,YouTube,Lifestlye,United Kingdom,Sub_Urban,Software Engineer,18450,FALSE,TRUE
27,non-binary,4,Facebook,Travel,United States,Rural,Student,19139,FALSE,TRUE
53,non-binary,5,Facebook,Sports,United Kingdom,Urban,Student,14958,TRUE,TRUE
31,non-binary,2,Facebook,Sports,Australia,Urban,Student,10524,TRUE,FALSE
48,female,8,YouTube,Lifestlye,Australia,Urban,Software Engineer,19079,TRUE,TRUE
32,non-binary,2,YouTube,Travel,United States,Sub_Urban,Student,18399,TRUE,TRUE
25,non-binary,9,Instagram,Travel,United Kingdom,Urban,Student,10148,FALSE,FALSE
31,male,2,Instagram,Sports,United Kingdom,Rural,Marketer Manager,18001,FALSE,TRUE
40,male,9,YouTube,Sports,United Kingdom,Sub_Urban,Marketer Manager,10437,FALSE,FALSE
57,female,7,Facebook,Lifestlye,United States,Sub_Urban,Software Engineer,13749,TRUE,FALSE
38,non-binary,8,Facebook,Sports,United Kingdom,Urban,Marketer Manager,18186,TRUE,FALSE
33,non-binary,2,Facebook,Lifestlye,Australia,Rural,Marketer Manager,14453,TRUE,TRUE
62,male,7,Instagram,Sports,United Kingdom,Sub_Urban,Marketer Manager,15336,FALSE,TRUE
35,female,6,Facebook,Sports,United States,Sub_Urban,Software Engineer,14551,TRUE,FALSE
64,male,4,Instagram,Travel,United Kingdom,Urban,Marketer Manager,12823,FALSE,TRUE
41,male,7,Instagram,Sports,United Kingdom,Urban,Software Engineer,15728,TRUE,FALSE
43,male,4,Facebook,Sports,Australia,Rural,Student,18677,FALSE,TRUE
42,male,2,Facebook,Lifestlye,United Kingdom,Urban,Marketer Manager,18391,TRUE,FALSE
62,non-binary,7,YouTube,Sports,Australia,Rural,Software Engineer,11982,FALSE,FALSE
58,non-binary,8,YouTube,Lifestlye,Australia,Sub_Urban,Marketer Manager,16996,TRUE,TRUE
46,male,2,Facebook,Sports,United States,Rural,Student,19663,TRUE,TRUE
32,female,5,Instagram,Sports,Australia,Rural,Software Engineer,12311,FALSE,TRUE
62,female,1,Instagram,Lifestlye,Australia,Rural,Software Engineer,17225,FALSE,TRUE
18,female,7,Instagram,Travel,United States,Sub_Urban,Software Engineer,19713,TRUE,FALSE
42,female,8,Instagram,Lifestlye,Australia,Urban,Student,10604,FALSE,FALSE
24,male,6,Instagram,Lifestlye,United States,Sub_Urban,Student,18175,TRUE,TRUE
26,non-binary,5,YouTube,Lifestlye,United Kingdom,Urban,Student,15785,FALSE,TRUE
41,female,6,Facebook,Travel,United States,Rural,Software Engineer,19609,TRUE,FALSE
18,male,2,YouTube,Sports,Australia,Rural,Student,14597,FALSE,TRUE
61,female,1,Instagram,Lifestlye,United States,Rural,Marketer Manager,17759,TRUE,TRUE
25,female,7,Instagram,Lifestlye,Australia,Rural,Student,17532,TRUE,TRUE
41,male,7,Instagram,Travel,United Kingdom,Rural,Software Engineer,18740,TRUE,TRUE
28,non-binary,2,Instagram,Lifestlye,United States,Urban,Marketer Manager,10838,FALSE,FALSE
34,non-binary,2,Facebook,Sports,United Kingdom,Urban,Student,13815,TRUE,FALSE
25,male,1,Instagram,Travel,Australia,Rural,Marketer Manager,10847,FALSE,TRUE
52,non-binary,8,Facebook,Sports,Australia,Sub_Urban,Marketer Manager,14709,FALSE,FALSE
52,male,8,Instagram,Sports,United Kingdom,Sub_Urban,Software Engineer,14507,FALSE,TRUE
50,male,1,Facebook,Travel,United States,Rural,Marketer Manager,16575,TRUE,TRUE
22,male,8,YouTube,Lifestlye,United States,Urban,Marketer Manager,14773,FALSE,TRUE
59,non-binary,9,Instagram,Sports,Australia,Sub_Urban,Software Engineer,14468,FALSE,FALSE
56,male,4,Facebook,Sports,United Kingdom,Sub_Urban,Software Engineer,15192,FALSE,FALSE
58,female,1,YouTube,Sports,United Kingdom,Sub_Urban,Software Engineer,13320,TRUE,FALSE
45,non-binary,1,Instagram,Sports,United States,Rural,Marketer Manager,14698,FALSE,FALSE
24,non-binary,3,Instagram,Travel,United States,Sub_Urban,Marketer Manager,14311,FALSE,FALSE
26,non-binary,5,Instagram,Travel,United States,Sub_Urban,Marketer Manager,13673,FALSE,TRUE
25,non-binary,5,Facebook,Sports,United Kingdom,Sub_Urban,Software Engineer,11564,FALSE,TRUE
29,female,9,Facebook,Lifestlye,United States,Sub_Urban,Student,11840,TRUE,FALSE
51,non-binary,2,YouTube,Sports,United States,Urban,Marketer Manager,16058,TRUE,FALSE
50,non-binary,2,Facebook,Lifestlye,Australia,Rural,Student,17131,FALSE,FALSE
40,male,6,Facebook,Sports,United States,Rural,Software Engineer,10726,FALSE,TRUE
41,non-binary,9,Instagram,Lifestlye,United States,Urban,Marketer Manager,19436,FALSE,FALSE
54,female,1,Instagram,Sports,United Kingdom,Urban,Student,16697,FALSE,TRUE
52,female,9,Instagram,Lifestlye,United Kingdom,Rural,Marketer Manager,19257,TRUE,TRUE
61,female,9,Instagram,Sports,Australia,Sub_Urban,Marketer Manager,10282,TRUE,FALSE
57,female,9,Instagram,Sports,United States,Sub_Urban,Marketer Manager,11081,TRUE,TRUE
39,non-binary,5,Instagram,Lifestlye,Australia,Rural,Student,13885,TRUE,TRUE
44,non-binary,9,Instagram,Travel,United Kingdom,Sub_Urban,Software Engineer,12881,FALSE,FALSE
52,female,4,YouTube,Lifestlye,Australia,Urban,Marketer Manager,12970,FALSE,TRUE
18,female,2,YouTube,Travel,United Kingdom,Sub_Urban,Software Engineer,19344,TRUE,FALSE
52,non-binary,6,YouTube,Sports,Australia,Sub_Urban,Software Engineer,16985,TRUE,TRUE
54,female,4,YouTube,Lifestlye,Australia,Sub_Urban,Student,10947,FALSE,FALSE
64,male,6,Instagram,Lifestlye,United States,Rural,Student,14760,FALSE,FALSE
31,female,3,YouTube,Lifestlye,Australia,Urban,Software Engineer,19909,FALSE,TRUE
20,female,6,Instagram,Travel,United States,Sub_Urban,Marketer Manager,10066,FALSE,FALSE
18,male,2,YouTube,Travel,United States,Rural,Student,18828,FALSE,TRUE
22,male,2,Facebook,Sports,United States,Sub_Urban,Marketer Manager,18505,TRUE,TRUE
43,non-binary,9,YouTube,Travel,United States,Urban,Marketer Manager,10564,TRUE,FALSE
31,non-binary,7,YouTube,Travel,Australia,Sub_Urban,Marketer Manager,19793,FALSE,TRUE
56,male,3,Instagram,Sports,United Kingdom,Urban,Software Engineer,19017,FALSE,FALSE
44,male,1,YouTube,Lifestlye,United Kingdom,Sub_Urban,Marketer Manager,13670,TRUE,TRUE
26,non-binary,8,Facebook,Lifestlye,United Kingdom,Urban,Software Engineer,19217,FALSE,TRUE
32,female,6,Instagram,Sports,Australia,Sub_Urban,Software Engineer,12251,TRUE,FALSE
32,male,7,Instagram,Lifestlye,United States,Urban,Marketer Manager,10804,TRUE,TRUE
43,non-binary,9,YouTube,Travel,United Kingdom,Sub_Urban,Marketer Manager,14631,TRUE,TRUE
59,female,5,Instagram,Sports,Australia,Sub_Urban,Marketer Manager,19583,TRUE,TRUE
30,male,1,Instagram,Sports,United States,Rural,Marketer Manager,11235,FALSE,TRUE
49,female,7,Instagram,Sports,United Kingdom,Rural,Software Engineer,16720,FALSE,TRUE
56,non-binary,5,Instagram,Lifestlye,United States,Urban,Marketer Manager,16906,TRUE,TRUE
49,male,3,Instagram,Sports,United Kingdom,Sub_Urban,Marketer Manager,16016,FALSE,TRUE
21,female,9,Instagram,Sports,United Kingdom,Urban,Software Engineer,13549,FALSE,TRUE
47,male,1,Facebook,Sports,United Kingdom,Rural,Student,17938,FALSE,FALSE
54,female,1,YouTube,Lifestlye,United States,Urban,Student,14141,FALSE,TRUE
40,non-binary,1,Facebook,Travel,Australia,Urban,Software Engineer,16966,TRUE,TRUE
56,non-binary,3,Instagram,Sports,United States,Rural,Student,19546,FALSE,FALSE
62,male,6,Instagram,Travel,United Kingdom,Sub_Urban,Software Engineer,15335,TRUE,FALSE
32,female,3,YouTube,Lifestlye,United States,Urban,Marketer Manager,15077,TRUE,FALSE
60,male,8,Facebook,Lifestlye,Australia,Rural,Marketer Manager,15611,FALSE,TRUE
46,male,2,YouTube,Lifestlye,United States,Sub_Urban,Student,18089,TRUE,FALSE
53,female,9,Facebook,Lifestlye,Australia,Rural,Marketer Manager,12892,FALSE,FALSE
30,female,3,Instagram,Travel,Australia,Urban,Student,15577,FALSE,TRUE
49,female,5,YouTube,Sports,United States,Sub_Urban,Student,13618,TRUE,TRUE
24,non-binary,8,YouTube,Lifestlye,United Kingdom,Sub_Urban,Marketer Manager,11559,FALSE,FALSE
39,male,2,Instagram,Lifestlye,Australia,Rural,Marketer Manager,16683,TRUE,FALSE
45,male,6,YouTube,Travel,United States,Rural,Student,11507,TRUE,TRUE
19,non-binary,5,Facebook,Travel,Australia,Rural,Marketer Manager,12063,FALSE,TRUE
59,female,9,Facebook,Lifestlye,United Kingdom,Sub_Urban,Software Engineer,13642,FALSE,TRUE
62,non-binary,5,Facebook,Sports,United States,Sub_Urban,Marketer Manager,12000,FALSE,TRUE
23,non-binary,2,Facebook,Sports,United States,Urban,Marketer Manager,11294,TRUE,TRUE
45,non-binary,5,Instagram,Lifestlye,United States,Sub_Urban,Software Engineer,14065,FALSE,FALSE
45,male,4,YouTube,Travel,United Kingdom,Urban,Marketer Manager,18014,TRUE,TRUE
61,non-binary,7,Facebook,Lifestlye,Australia,Rural,Marketer Manager,19945,TRUE,TRUE
61,male,6,Instagram,Lifestlye,United States,Rural,Student,11603,FALSE,TRUE
37,male,2,YouTube,Travel,Australia,Sub_Urban,Marketer Manager,11322,FALSE,TRUE
47,male,5,YouTube,Lifestlye,Australia,Rural,Marketer Manager,15956,FALSE,TRUE
28,female,7,Instagram,Lifestlye,United Kingdom,Rural,Software Engineer,12441,TRUE,FALSE
45,male,7,Instagram,Lifestlye,United States,Sub_Urban,Student,11098,FALSE,TRUE
42,male,5,Facebook,Travel,Australia,Urban,Student,15073,TRUE,FALSE
56,female,9,YouTube,Sports,United States,Sub_Urban,Student,19697,FALSE,TRUE
50,male,4,YouTube,Sports,United States,Urban,Marketer Manager,19318,FALSE,FALSE
18,non-binary,3,Instagram,Travel,United Kingdom,Sub_Urban,Student,18488,TRUE,FALSE
44,non-binary,4,YouTube,Sports,United States,Sub_Urban,Software Engineer,13787,TRUE,TRUE
30,male,5,Facebook,Lifestlye,United States,Rural,Student,12096,FALSE,TRUE
58,female,6,YouTube,Sports,Australia,Sub_Urban,Software Engineer,12208,FALSE,TRUE
20,non-binary,3,Instagram,Lifestlye,United Kingdom,Sub_Urban,Student,15988,FALSE,TRUE
56,female,2,Instagram,Sports,United States,Urban,Student,10175,FALSE,TRUE
23,female,4,Facebook,Travel,Australia,Rural,Software Engineer,17169,FALSE,FALSE
25,non-binary,5,Facebook,Sports,United Kingdom,Urban,Student,16014,TRUE,TRUE
44,female,4,YouTube,Sports,United Kingdom,Urban,Student,11667,TRUE,TRUE
26,non-binary,3,YouTube,Sports,Australia,Rural,Student,18867,TRUE,FALSE
54,female,8,Instagram,Travel,Australia,Rural,Marketer Manager,11823,TRUE,TRUE
50,non-binary,4,Facebook,Sports,Australia,Rural,Software Engineer,15147,FALSE,FALSE
59,male,2,Facebook,Travel,Australia,Sub_Urban,Student,11356,TRUE,TRUE
61,non-binary,2,Facebook,Lifestlye,Australia,Rural,Software Engineer,13072,TRUE,FALSE
41,non-binary,1,YouTube,Sports,United States,Rural,Software Engineer,13259,TRUE,TRUE
32,non-binary,4,Facebook,Travel,United States,Rural,Software Engineer,16199,FALSE,FALSE
49,non-binary,9,Instagram,Travel,United Kingdom,Urban,Student,10546,TRUE,FALSE
49,female,7,Instagram,Sports,United States,Urban,Student,15231,FALSE,TRUE
41,male,7,YouTube,Lifestlye,United States,Sub_Urban,Software Engineer,17965,TRUE,TRUE
58,non-binary,7,YouTube,Travel,United States,Urban,Marketer Manager,12083,FALSE,TRUE
29,female,8,Facebook,Sports,Australia,Sub_Urban,Software Engineer,12040,TRUE,FALSE
56,male,1,YouTube,Lifestlye,United Kingdom,Urban,Marketer Manager,14534,FALSE,FALSE
19,male,8,Instagram,Travel,United Kingdom,Rural,Software Engineer,11752,TRUE,FALSE
20,male,4,Facebook,Travel,United Kingdom,Urban,Software Engineer,19807,FALSE,TRUE
54,male,4,Instagram,Lifestlye,United Kingdom,Sub_Urban,Software Engineer,11849,FALSE,TRUE
34,non-binary,4,Facebook,Lifestlye,United States,Urban,Student,12642,TRUE,FALSE
19,non-binary,6,YouTube,Sports,United States,Rural,Marketer Manager,11600,FALSE,TRUE
19,female,7,Facebook,Sports,Australia,Sub_Urban,Marketer Manager,14402,FALSE,FALSE
45,female,6,Facebook,Travel,United Kingdom,Rural,Software Engineer,13799,TRUE,TRUE
40,female,1,Instagram,Lifestlye,United States,Rural,Student,10618,TRUE,TRUE
54,male,8,Instagram,Lifestlye,United States,Sub_Urban,Student,11132,FALSE,FALSE
49,male,7,Facebook,Lifestlye,Australia,Rural,Marketer Manager,15491,TRUE,TRUE
50,non-binary,6,YouTube,Travel,Australia,Rural,Student,15795,TRUE,TRUE
18,male,6,YouTube,Lifestlye,Australia,Urban,Marketer Manager,17633,TRUE,TRUE
36,male,5,Instagram,Lifestlye,United States,Rural,Marketer Manager,11487,FALSE,TRUE
19,male,6,YouTube,Travel,United States,Rural,Marketer Manager,17848,FALSE,TRUE
61,female,9,Instagram,Sports,Australia,Rural,Student,15009,FALSE,FALSE
43,female,9,YouTube,Sports,United Kingdom,Rural,Marketer Manager,19749,FALSE,TRUE
49,non-binary,8,Facebook,Travel,Australia,Sub_Urban,Marketer Manager,12113,FALSE,FALSE
23,male,9,Instagram,Lifestlye,Australia,Urban,Software Engineer,11044,FALSE,TRUE
49,male,8,Instagram,Travel,Australia,Rural,Marketer Manager,12431,FALSE,TRUE
21,non-binary,8,Facebook,Sports,Australia,Rural,Marketer Manager,17979,TRUE,FALSE
28,male,1,Instagram,Sports,United States,Sub_Urban,Software Engineer,11582,FALSE,FALSE
34,male,5,YouTube,Travel,United Kingdom,Rural,Software Engineer,11308,FALSE,TRUE
55,female,4,YouTube,Travel,Australia,Sub_Urban,Student,14917,TRUE,TRUE
41,non-binary,2,Instagram,Sports,United Kingdom,Urban,Marketer Manager,18793,TRUE,FALSE
22,non-binary,8,YouTube,Travel,United Kingdom,Urban,Student,11620,TRUE,FALSE
51,non-binary,3,Instagram,Sports,United Kingdom,Rural,Student,17503,FALSE,FALSE
23,non-binary,4,Facebook,Travel,Australia,Rural,Software Engineer,14766,TRUE,FALSE
39,female,7,Instagram,Travel,United States,Rural,Student,15362,FALSE,TRUE
28,female,9,Facebook,Travel,Australia,Sub_Urban,Marketer Manager,15192,FALSE,TRUE
33,male,2,YouTube,Sports,United Kingdom,Rural,Software Engineer,16622,FALSE,TRUE
50,male,3,Facebook,Travel,United Kingdom,Rural,Marketer Manager,16093,TRUE,TRUE
26,male,4,YouTube,Sports,United States,Urban,Marketer Manager,16704,TRUE,TRUE
23,male,1,Instagram,Sports,Australia,Rural,Software Engineer,10100,FALSE,FALSE
33,female,7,YouTube,Travel,United Kingdom,Urban,Marketer Manager,16657,FALSE,FALSE
46,non-binary,2,Instagram,Travel,United States,Rural,Software Engineer,15875,FALSE,FALSE
20,female,5,Instagram,Sports,United Kingdom,Urban,Marketer Manager,14271,TRUE,TRUE
37,male,1,Facebook,Sports,United States,Rural,Software Engineer,10237,FALSE,FALSE
53,female,3,Facebook,Lifestlye,United States,Urban,Student,17226,TRUE,TRUE
36,non-binary,2,Facebook,Sports,Australia,Sub_Urban,Marketer Manager,18032,FALSE,TRUE
43,non-binary,1,Facebook,Lifestlye,United Kingdom,Urban,Software Engineer,15218,TRUE,TRUE
20,female,7,YouTube,Lifestlye,Australia,Urban,Marketer Manager,14025,FALSE,FALSE
36,female,5,YouTube,Lifestlye,United Kingdom,Urban,Marketer Manager,16073,TRUE,TRUE
37,female,1,YouTube,Travel,Australia,Rural,Marketer Manager,12542,TRUE,TRUE
49,male,6,Instagram,Travel,United Kingdom,Rural,Software Engineer,11537,TRUE,FALSE
24,female,5,YouTube,Sports,Australia,Rural,Student,10754,TRUE,TRUE
58,female,3,YouTube,Lifestlye,United States,Sub_Urban,Student,17396,TRUE,FALSE
50,female,7,YouTube,Travel,United Kingdom,Sub_Urban,Student,17823,TRUE,TRUE
57,non-binary,9,Facebook,Travel,United Kingdom,Urban,Software Engineer,15507,FALSE,FALSE
56,non-binary,9,YouTube,Travel,United States,Sub_Urban,Student,14235,FALSE,TRUE
35,male,9,Instagram,Travel,Australia,Urban,Software Engineer,10540,FALSE,TRUE
57,male,2,Facebook,Travel,United Kingdom,Urban,Marketer Manager,15510,FALSE,FALSE
18,non-binary,3,Instagram,Lifestlye,United Kingdom,Urban,Marketer Manager,18461,TRUE,TRUE
28,non-binary,7,YouTube,Lifestlye,Australia,Sub_Urban,Student,17926,FALSE,FALSE
45,non-binary,5,Facebook,Lifestlye,United States,Rural,Software Engineer,15131,TRUE,TRUE
42,female,2,Instagram,Lifestlye,Australia,Sub_Urban,Marketer Manager,18697,TRUE,FALSE
40,female,3,YouTube,Sports,Australia,Urban,Software Engineer,11129,TRUE,TRUE
48,non-binary,6,Instagram,Lifestlye,Australia,Urban,Software Engineer,13145,FALSE,TRUE
47,female,7,Instagram,Travel,United Kingdom,Sub_Urban,Marketer Manager,18553,TRUE,TRUE
59,female,9,Instagram,Lifestlye,United States,Urban,Software Engineer,13720,FALSE,FALSE
52,male,1,YouTube,Sports,United States,Urban,Marketer Manager,19648,FALSE,FALSE
24,non-binary,7,YouTube,Travel,Australia,Sub_Urban,Marketer Manager,14067,FALSE,FALSE
33,non-binary,8,Instagram,Lifestlye,United Kingdom,Sub_Urban,Marketer Manager,14195,FALSE,FALSE
43,female,3,Facebook,Lifestlye,Australia,Sub_Urban,Software Engineer,19873,FALSE,FALSE
19,non-binary,4,Facebook,Lifestlye,United Kingdom,Urban,Marketer Manager,19244,TRUE,TRUE
18,male,6,YouTube,Travel,United Kingdom,Urban,Software Engineer,17281,TRUE,TRUE
29,male,7,YouTube,Travel,United Kingdom,Rural,Marketer Manager,12509,FALSE,TRUE
22,male,4,YouTube,Sports,United Kingdom,Rural,Marketer Manager,15016,TRUE,TRUE
54,non-binary,8,YouTube,Travel,United States,Sub_Urban,Student,16533,FALSE,TRUE
49,non-binary,5,YouTube,Travel,United Kingdom,Rural,Student,14727,TRUE,FALSE
26,non-binary,1,Facebook,Lifestlye,United Kingdom,Urban,Student,10681,TRUE,TRUE
58,non-binary,4,YouTube,Travel,Australia,Rural,Software Engineer,13932,TRUE,FALSE
52,non-binary,3,Instagram,Lifestlye,Australia,Urban,Software Engineer,15560,TRUE,TRUE
36,male,9,Instagram,Lifestlye,United States,Sub_Urban,Marketer Manager,14016,TRUE,FALSE
33,female,8,Facebook,Travel,Australia,Sub_Urban,Marketer Manager,17339,TRUE,FALSE
20,male,1,Instagram,Sports,United Kingdom,Urban,Marketer Manager,10719,TRUE,FALSE
37,non-binary,6,Facebook,Sports,Australia,Rural,Marketer Manager,10074,TRUE,TRUE
41,male,9,Facebook,Travel,United States,Sub_Urban,Software Engineer,19485,TRUE,TRUE
50,non-binary,7,Instagram,Sports,Australia,Sub_Urban,Marketer Manager,14157,TRUE,TRUE
41,non-binary,4,YouTube,Lifestlye,Australia,Rural,Marketer Manager,18511,TRUE,TRUE
28,male,1,Instagram,Lifestlye,United States,Rural,Student,12149,TRUE,FALSE
25,non-binary,2,Instagram,Travel,United States,Urban,Marketer Manager,19644,TRUE,FALSE
53,female,5,Facebook,Sports,United Kingdom,Rural,Marketer Manager,19747,FALSE,FALSE
55,non-binary,5,Instagram,Sports,Australia,Rural,Marketer Manager,16713,TRUE,FALSE
57,female,8,Facebook,Lifestlye,United Kingdom,Rural,Software Engineer,14207,TRUE,TRUE
37,female,6,YouTube,Travel,Australia,Urban,Student,17141,TRUE,FALSE
52,non-binary,8,YouTube,Sports,Australia,Urban,Marketer Manager,18652,TRUE,TRUE
42,male,2,YouTube,Travel,United Kingdom,Sub_Urban,Marketer Manager,19078,TRUE,FALSE
52,female,3,Instagram,Sports,Australia,Urban,Student,13936,TRUE,FALSE
42,male,6,Facebook,Lifestlye,Australia,Sub_Urban,Marketer Manager,19307,FALSE,FALSE
46,female,3,YouTube,Lifestlye,Australia,Rural,Software Engineer,11075,FALSE,TRUE
35,non-binary,6,Facebook,Travel,United States,Sub_Urban,Marketer Manager,13876,FALSE,TRUE
63,non-binary,6,Facebook,Lifestlye,United Kingdom,Sub_Urban,Software Engineer,14615,TRUE,FALSE
35,female,2,YouTube,Sports,United States,Rural,Software Engineer,17265,TRUE,FALSE
19,non-binary,7,YouTube,Lifestlye,United Kingdom,Sub_Urban,Marketer Manager,16379,TRUE,FALSE
52,female,2,Facebook,Travel,United Kingdom,Urban,Student,19118,FALSE,TRUE
33,non-binary,6,YouTube,Travel,Australia,Urban,Software Engineer,14652,TRUE,TRUE
58,male,1,Facebook,Travel,United Kingdom,Urban,Student,16792,TRUE,TRUE
53,non-binary,3,Facebook,Sports,United States,Urban,Marketer Manager,19247,FALSE,FALSE
50,male,2,YouTube,Sports,United States,Sub_Urban,Software Engineer,17456,FALSE,TRUE
21,non-binary,7,Instagram,Sports,United States,Sub_Urban,Marketer Manager,14674,TRUE,FALSE
50,male,4,YouTube,Sports,United Kingdom,Rural,Student,10541,TRUE,TRUE
31,non-binary,8,Instagram,Sports,United States,Sub_Urban,Marketer Manager,12161,TRUE,FALSE
38,male,6,Facebook,Lifestlye,United Kingdom,Sub_Urban,Marketer Manager,12251,TRUE,FALSE
37,female,4,Facebook,Sports,United States,Sub_Urban,Software Engineer,19244,FALSE,TRUE
25,female,5,Instagram,Sports,United States,Rural,Marketer Manager,14569,TRUE,FALSE
24,male,9,Facebook,Lifestlye,United Kingdom,Urban,Marketer Manager,12744,TRUE,FALSE
20,non-binary,7,Instagram,Sports,United States,Sub_Urban,Marketer Manager,16041,FALSE,FALSE
34,male,9,Instagram,Travel,Australia,Rural,Software Engineer,14675,TRUE,TRUE
50,non-binary,7,Facebook,Sports,United Kingdom,Rural,Student,11560,TRUE,FALSE
29,female,1,Instagram,Sports,United Kingdom,Rural,Student,11164,FALSE,TRUE
39,non-binary,8,YouTube,Travel,United Kingdom,Urban,Marketer Manager,15419,FALSE,TRUE
39,female,4,YouTube,Travel,Australia,Sub_Urban,Software Engineer,12722,TRUE,FALSE
63,non-binary,3,Facebook,Travel,United Kingdom,Rural,Marketer Manager,10470,FALSE,TRUE
47,non-binary,7,Facebook,Travel,United States,Urban,Student,19608,FALSE,FALSE
55,non-binary,3,Instagram,Sports,United States,Rural,Software Engineer,11468,TRUE,TRUE
55,male,8,Instagram,Travel,United States,Rural,Student,17925,FALSE,FALSE
62,male,6,Instagram,Travel,United Kingdom,Rural,Student,10808,TRUE,TRUE
25,female,5,Instagram,Lifestlye,United States,Rural,Software Engineer,18363,TRUE,FALSE
44,female,4,YouTube,Travel,United Kingdom,Rural,Software Engineer,16719,TRUE,FALSE
44,male,8,YouTube,Travel,United States,Urban,Marketer Manager,15073,TRUE,FALSE
51,female,8,Facebook,Lifestlye,Australia,Sub_Urban,Marketer Manager,18012,FALSE,FALSE
38,male,1,Instagram,Lifestlye,Australia,Sub_Urban,Student,11645,TRUE,TRUE
47,non-binary,9,Instagram,Sports,Australia,Sub_Urban,Software Engineer,18249,TRUE,TRUE
50,female,5,Facebook,Lifestlye,Australia,Sub_Urban,Software Engineer,11129,TRUE,FALSE
45,female,4,Instagram,Sports,United Kingdom,Urban,Marketer Manager,11353,TRUE,TRUE
64,male,6,Instagram,Lifestlye,United States,Urban,Student,10767,FALSE,FALSE
50,female,6,Instagram,Lifestlye,Australia,Urban,Student,13895,FALSE,FALSE
22,female,2,Instagram,Sports,United Kingdom,Rural,Marketer Manager,18874,FALSE,TRUE
36,non-binary,8,Instagram,Lifestlye,Australia,Rural,Software Engineer,13454,TRUE,TRUE
21,female,7,Facebook,Sports,Australia,Rural,Marketer Manager,17329,FALSE,FALSE
52,non-binary,1,Instagram,Lifestlye,United Kingdom,Sub_Urban,Marketer Manager,11790,FALSE,TRUE
34,male,5,Facebook,Travel,United Kingdom,Rural,Marketer Manager,19669,TRUE,FALSE
61,female,6,Instagram,Lifestlye,United States,Sub_Urban,Marketer Manager,10885,FALSE,TRUE
45,non-binary,4,YouTube,Sports,United States,Rural,Software Engineer,17734,TRUE,TRUE
47,male,2,YouTube,Lifestlye,Australia,Sub_Urban,Marketer Manager,13906,FALSE,TRUE
46,female,4,YouTube,Sports,Australia,Rural,Software Engineer,14492,FALSE,TRUE
63,male,1,YouTube,Sports,United States,Rural,Marketer Manager,19730,FALSE,TRUE
23,female,7,Facebook,Travel,United States,Urban,Student,12073,FALSE,FALSE
52,male,2,Facebook,Travel,United Kingdom,Rural,Software Engineer,10312,TRUE,TRUE
58,male,2,Instagram,Sports,United States,Rural,Student,16269,TRUE,TRUE
54,non-binary,9,YouTube,Lifestlye,United States,Urban,Marketer Manager,15317,FALSE,FALSE
41,male,5,Facebook,Sports,Australia,Sub_Urban,Marketer Manager,10810,TRUE,FALSE
46,female,2,Instagram,Sports,United States,Urban,Marketer Manager,16841,FALSE,FALSE
63,female,9,Instagram,Lifestlye,Australia,Urban,Software Engineer,12032,FALSE,TRUE
48,non-binary,9,Facebook,Lifestlye,United States,Sub_Urban,Student,19699,FALSE,TRUE
52,female,1,YouTube,Lifestlye,United Kingdom,Rural,Software Engineer,17129,FALSE,FALSE
50,female,3,Instagram,Lifestlye,United States,Sub_Urban,Software Engineer,12705,FALSE,FALSE
38,female,4,YouTube,Sports,United States,Rural,Marketer Manager,18788,FALSE,FALSE
49,male,7,YouTube,Sports,United States,Rural,Student,12147,TRUE,FALSE
40,male,4,YouTube,Travel,Australia,Sub_Urban,Marketer Manager,10615,TRUE,TRUE
50,female,2,Instagram,Sports,United Kingdom,Urban,Software Engineer,10947,FALSE,TRUE
20,non-binary,7,YouTube,Lifestlye,United States,Sub_Urban,Marketer Manager,15677,TRUE,TRUE
35,male,6,Instagram,Travel,Australia,Rural,Student,14651,FALSE,TRUE
42,non-binary,3,YouTube,Lifestlye,United Kingdom,Sub_Urban,Marketer Manager,17866,TRUE,TRUE
59,female,6,Instagram,Sports,Australia,Sub_Urban,Student,12013,TRUE,FALSE
48,female,6,YouTube,Travel,Australia,Rural,Student,13697,TRUE,TRUE
20,male,5,Facebook,Lifestlye,United Kingdom,Urban,Marketer Manager,10490,FALSE,FALSE
57,female,4,YouTube,Travel,United States,Sub_Urban,Software Engineer,14350,TRUE,FALSE
63,male,1,YouTube,Travel,Australia,Rural,Marketer Manager,12428,FALSE,FALSE
41,female,6,Instagram,Sports,Australia,Rural,Software Engineer,14987,FALSE,TRUE
49,female,2,Instagram,Lifestlye,United States,Sub_Urban,Software Engineer,18733,FALSE,FALSE
64,male,3,YouTube,Travel,United States,Urban,Marketer Manager,19479,TRUE,TRUE
39,male,8,Facebook,Travel,United Kingdom,Sub_Urban,Software Engineer,19825,TRUE,FALSE
40,male,6,Facebook,Lifestlye,United Kingdom,Urban,Software Engineer,14920,TRUE,TRUE
19,female,3,Instagram,Travel,United Kingdom,Urban,Marketer Manager,12926,FALSE,FALSE
44,female,7,Facebook,Travel,United States,Urban,Marketer Manager,19544,FALSE,TRUE
59,non-binary,4,YouTube,Travel,Australia,Urban,Marketer Manager,17282,TRUE,FALSE
19,male,9,Instagram,Lifestlye,Australia,Sub_Urban,Software Engineer,14376,FALSE,FALSE
43,female,5,YouTube,Lifestlye,United Kingdom,Rural,Student,19490,TRUE,FALSE
34,female,3,Instagram,Lifestlye,United States,Rural,Software Engineer,14868,TRUE,FALSE
57,male,2,Instagram,Lifestlye,Australia,Rural,Student,16986,TRUE,TRUE
50,non-binary,2,Instagram,Sports,United Kingdom,Rural,Marketer Manager,16862,TRUE,TRUE
26,male,3,Instagram,Travel,Australia,Rural,Student,14423,FALSE,TRUE
60,non-binary,2,Facebook,Lifestlye,Australia,Rural,Marketer Manager,16870,TRUE,FALSE
56,female,4,YouTube,Travel,United States,Sub_Urban,Marketer Manager,18159,TRUE,FALSE
46,non-binary,2,YouTube,Travel,United States,Urban,Student,12073,TRUE,FALSE
59,female,9,YouTube,Sports,Australia,Rural,Marketer Manager,16170,TRUE,FALSE
43,male,2,Instagram,Lifestlye,United Kingdom,Sub_Urban,Student,10701,TRUE,FALSE
52,male,9,Facebook,Lifestlye,United States,Rural,Marketer Manager,18113,TRUE,FALSE
42,male,6,YouTube,Travel,Australia,Rural,Software Engineer,16825,TRUE,TRUE
41,non-binary,1,Facebook,Lifestlye,United States,Urban,Software Engineer,17867,FALSE,TRUE
30,female,4,Instagram,Travel,United States,Urban,Marketer Manager,14264,FALSE,TRUE
24,male,1,YouTube,Travel,United States,Urban,Marketer Manager,17968,FALSE,TRUE
53,male,6,Facebook,Sports,Australia,Rural,Student,18146,FALSE,TRUE
62,female,4,Instagram,Sports,United Kingdom,Rural,Software Engineer,17776,TRUE,TRUE
37,male,3,Facebook,Sports,United Kingdom,Rural,Student,18558,FALSE,TRUE
18,female,3,YouTube,Travel,United Kingdom,Urban,Marketer Manager,18719,FALSE,TRUE
25,female,9,YouTube,Lifestlye,United States,Sub_Urban,Marketer Manager,14886,FALSE,FALSE
63,female,6,Instagram,Sports,Australia,Rural,Student,13935,TRUE,FALSE
33,female,9,Instagram,Lifestlye,United States,Rural,Marketer Manager,14619,FALSE,FALSE
31,female,5,Instagram,Sports,United Kingdom,Rural,Software Engineer,15191,FALSE,FALSE
29,non-binary,2,Facebook,Sports,United Kingdom,Sub_Urban,Student,16875,TRUE,FALSE
40,male,8,Facebook,Travel,Australia,Rural,Software Engineer,17856,FALSE,FALSE
32,non-binary,5,Facebook,Sports,United States,Sub_Urban,Software Engineer,15401,TRUE,FALSE
45,male,2,Instagram,Sports,United Kingdom,Rural,Software Engineer,13022,FALSE,TRUE
51,non-binary,4,YouTube,Travel,Australia,Sub_Urban,Student,15738,TRUE,TRUE
19,female,9,YouTube,Lifestlye,United States,Rural,Marketer Manager,15984,FALSE,FALSE
49,male,4,Facebook,Sports,United States,Urban,Software Engineer,11770,FALSE,TRUE
40,male,4,Facebook,Travel,United Kingdom,Urban,Software Engineer,19969,FALSE,TRUE
39,non-binary,2,YouTube,Sports,United Kingdom,Urban,Software Engineer,18989,TRUE,TRUE
42,non-binary,6,YouTube,Travel,United States,Urban,Marketer Manager,13215,FALSE,TRUE
39,male,2,Facebook,Lifestlye,United States,Rural,Marketer Manager,16694,TRUE,TRUE
39,non-binary,7,Facebook,Lifestlye,United Kingdom,Urban,Student,12976,TRUE,FALSE
59,non-binary,3,YouTube,Travel,United States,Sub_Urban,Marketer Manager,13737,TRUE,TRUE
23,non-binary,3,Instagram,Travel,United Kingdom,Urban,Student,19903,TRUE,FALSE
32,female,5,Facebook,Travel,United States,Urban,Student,10752,FALSE,FALSE
60,female,3,YouTube,Lifestlye,United Kingdom,Urban,Student,11392,FALSE,FALSE
54,non-binary,2,YouTube,Sports,Australia,Rural,Student,16789,FALSE,TRUE
50,non-binary,9,YouTube,Lifestlye,United Kingdom,Urban,Student,10677,TRUE,FALSE
25,female,2,YouTube,Travel,United Kingdom,Sub_Urban,Software Engineer,10105,FALSE,FALSE
61,female,2,Instagram,Travel,Australia,Urban,Marketer Manager,14753,TRUE,FALSE
61,male,8,YouTube,Lifestlye,United States,Urban,Software Engineer,11946,TRUE,FALSE
22,male,9,Facebook,Travel,Australia,Urban,Student,15544,TRUE,TRUE
56,female,7,Instagram,Lifestlye,United Kingdom,Sub_Urban,Marketer Manager,11095,FALSE,FALSE
21,non-binary,3,YouTube,Travel,United States,Urban,Software Engineer,16985,FALSE,FALSE
23,non-binary,9,Instagram,Sports,Australia,Sub_Urban,Software Engineer,11782,TRUE,FALSE
62,non-binary,3,Facebook,Sports,United States,Sub_Urban,Student,14541,FALSE,FALSE
49,non-binary,5,YouTube,Travel,United States,Urban,Software Engineer,13257,FALSE,TRUE
47,male,9,Facebook,Lifestlye,Australia,Sub_Urban,Software Engineer,16213,TRUE,FALSE
64,female,3,YouTube,Sports,United States,Rural,Software Engineer,14869,TRUE,FALSE
52,non-binary,7,YouTube,Lifestlye,Australia,Urban,Software Engineer,11561,FALSE,FALSE
57,male,1,YouTube,Travel,United Kingdom,Urban,Software Engineer,14006,TRUE,FALSE
33,non-binary,4,YouTube,Lifestlye,United States,Sub_Urban,Student,19867,TRUE,FALSE
30,female,4,YouTube,Sports,United Kingdom,Sub_Urban,Student,19314,FALSE,FALSE
59,male,7,Instagram,Lifestlye,United Kingdom,Urban,Software Engineer,13981,FALSE,TRUE
47,female,8,YouTube,Lifestlye,United States,Rural,Student,19493,TRUE,FALSE
36,female,1,YouTube,Travel,Australia,Sub_Urban,Student,15682,FALSE,TRUE
34,male,5,Instagram,Travel,United States,Sub_Urban,Marketer Manager,15782,TRUE,TRUE
36,male,7,Instagram,Travel,United Kingdom,Rural,Software Engineer,10943,TRUE,FALSE
45,male,4,Instagram,Sports,United Kingdom,Rural,Student,14550,FALSE,TRUE
43,male,4,Instagram,Sports,Australia,Urban,Student,19137,TRUE,FALSE
54,male,4,Instagram,Travel,United States,Rural,Software Engineer,10600,TRUE,TRUE
43,male,6,Instagram,Travel,United Kingdom,Urban,Marketer Manager,16376,TRUE,FALSE
40,male,7,YouTube,Sports,United Kingdom,Rural,Software Engineer,19609,FALSE,TRUE
26,non-binary,2,YouTube,Sports,United Kingdom,Sub_Urban,Marketer Manager,11524,FALSE,TRUE
29,female,5,Facebook,Sports,Australia,Urban,Software Engineer,13766,FALSE,FALSE
18,male,4,YouTube,Sports,United Kingdom,Urban,Software Engineer,10250,TRUE,TRUE
18,non-binary,3,YouTube,Travel,United Kingdom,Urban,Software Engineer,19736,TRUE,TRUE
64,non-binary,7,Instagram,Sports,United States,Rural,Software Engineer,10078,FALSE,TRUE
51,non-binary,6,Instagram,Travel,United States,Sub_Urban,Marketer Manager,13123,FALSE,TRUE
49,female,7,YouTube,Lifestlye,United Kingdom,Urban,Marketer Manager,19089,FALSE,TRUE
42,male,5,Facebook,Lifestlye,United Kingdom,Urban,Student,17064,TRUE,FALSE
57,non-binary,6,Instagram,Sports,United States,Urban,Software Engineer,18417,FALSE,TRUE
62,female,5,YouTube,Lifestlye,Australia,Urban,Marketer Manager,11209,TRUE,TRUE
18,female,7,YouTube,Lifestlye,Australia,Sub_Urban,Marketer Manager,15153,FALSE,FALSE
33,female,2,Facebook,Lifestlye,Australia,Rural,Marketer Manager,14898,TRUE,FALSE
56,non-binary,5,Facebook,Sports,Australia,Sub_Urban,Software Engineer,12178,TRUE,FALSE
22,male,6,Instagram,Sports,Australia,Urban,Student,17610,FALSE,TRUE
39,non-binary,6,Facebook,Lifestlye,Australia,Sub_Urban,Marketer Manager,18895,TRUE,TRUE
46,non-binary,5,YouTube,Travel,Australia,Urban,Software Engineer,12544,FALSE,TRUE
20,male,7,YouTube,Lifestlye,Australia,Rural,Marketer Manager,15522,TRUE,TRUE
29,male,8,Facebook,Sports,United States,Rural,Marketer Manager,12370,TRUE,FALSE
43,male,7,Facebook,Sports,Australia,Rural,Student,13281,FALSE,FALSE
33,female,5,Facebook,Sports,Australia,Urban,Marketer Manager,14710,TRUE,TRUE
54,male,1,Facebook,Lifestlye,Australia,Sub_Urban,Marketer Manager,10328,FALSE,TRUE
39,non-binary,5,Instagram,Travel,United Kingdom,Rural,Software Engineer,15579,FALSE,TRUE
46,male,2,Facebook,Sports,United States,Urban,Software Engineer,14228,FALSE,TRUE
31,non-binary,5,Instagram,Sports,United States,Urban,Student,16794,TRUE,FALSE
45,female,5,YouTube,Lifestlye,United States,Sub_Urban,Software Engineer,10120,TRUE,FALSE
22,non-binary,2,Facebook,Travel,Australia,Rural,Software Engineer,16749,TRUE,TRUE
64,non-binary,5,Instagram,Lifestlye,Australia,Urban,Student,10964,FALSE,FALSE
47,male,4,Facebook,Sports,United Kingdom,Sub_Urban,Marketer Manager,14224,FALSE,TRUE
63,male,1,YouTube,Travel,United States,Rural,Student,13675,TRUE,TRUE
22,non-binary,3,YouTube,Travel,Australia,Sub_Urban,Software Engineer,15694,TRUE,FALSE
29,male,1,YouTube,Sports,United States,Sub_Urban,Student,12076,FALSE,TRUE
33,female,5,Facebook,Travel,United Kingdom,Urban,Marketer Manager,16865,TRUE,FALSE
43,female,4,Facebook,Travel,United Kingdom,Urban,Student,15643,FALSE,TRUE
43,male,7,Instagram,Lifestlye,United Kingdom,Urban,Software Engineer,18524,TRUE,FALSE
38,female,5,YouTube,Sports,United States,Sub_Urban,Software Engineer,15249,FALSE,TRUE
56,male,4,Facebook,Sports,Australia,Urban,Student,11316,TRUE,FALSE
53,non-binary,2,YouTube,Sports,Australia,Sub_Urban,Marketer Manager,11196,TRUE,TRUE
50,non-binary,4,YouTube,Sports,United Kingdom,Sub_Urban,Student,13170,FALSE,TRUE
47,female,2,Instagram,Sports,Australia,Urban,Marketer Manager,19621,FALSE,FALSE
54,male,8,Instagram,Travel,United Kingdom,Rural,Marketer Manager,10355,FALSE,TRUE
40,male,3,Instagram,Lifestlye,United States,Rural,Student,19718,TRUE,FALSE
27,female,9,Instagram,Sports,United Kingdom,Rural,Marketer Manager,10028,FALSE,FALSE
22,non-binary,4,YouTube,Lifestlye,United States,Sub_Urban,Software Engineer,11013,FALSE,TRUE
53,female,6,Instagram,Lifestlye,United Kingdom,Sub_Urban,Student,19019,TRUE,TRUE
51,non-binary,5,Instagram,Travel,Australia,Sub_Urban,Marketer Manager,12024,FALSE,TRUE
48,male,1,Instagram,Sports,Australia,Urban,Software Engineer,18490,FALSE,TRUE
27,non-binary,9,Instagram,Travel,United Kingdom,Sub_Urban,Student,15839,FALSE,FALSE
36,female,1,YouTube,Sports,Australia,Urban,Software Engineer,15791,TRUE,TRUE
49,male,8,Instagram,Travel,Australia,Urban,Software Engineer,10754,TRUE,TRUE
18,female,9,YouTube,Lifestlye,Australia,Rural,Software Engineer,18961,TRUE,TRUE
22,female,9,Facebook,Sports,United States,Rural,Marketer Manager,13735,FALSE,FALSE
62,non-binary,1,YouTube,Lifestlye,Australia,Rural,Student,11238,TRUE,TRUE
21,female,2,YouTube,Lifestlye,United States,Urban,Student,11906,FALSE,FALSE
33,non-binary,1,Instagram,Travel,United Kingdom,Urban,Marketer Manager,17399,FALSE,TRUE
41,male,2,Facebook,Sports,Australia,Urban,Student,17961,FALSE,FALSE
33,non-binary,8,Facebook,Lifestlye,Australia,Sub_Urban,Software Engineer,19756,TRUE,TRUE
19,male,5,Facebook,Travel,Australia,Urban,Student,19410,TRUE,TRUE
45,non-binary,7,Facebook,Sports,United Kingdom,Rural,Marketer Manager,14601,FALSE,FALSE
49,female,2,YouTube,Sports,United States,Rural,Software Engineer,19549,FALSE,TRUE
44,non-binary,8,Facebook,Lifestlye,United States,Urban,Marketer Manager,11460,TRUE,TRUE
37,non-binary,6,YouTube,Sports,Australia,Urban,Software Engineer,17669,TRUE,TRUE
41,male,8,YouTube,Lifestlye,United Kingdom,Rural,Software Engineer,11416,TRUE,FALSE
29,female,1,YouTube,Sports,United Kingdom,Urban,Student,17766,FALSE,TRUE
52,non-binary,1,Facebook,Travel,United Kingdom,Rural,Software Engineer,11428,TRUE,FALSE
50,female,7,Instagram,Lifestlye,United Kingdom,Sub_Urban,Marketer Manager,14378,TRUE,FALSE
50,non-binary,8,Instagram,Lifestlye,United Kingdom,Rural,Student,17529,TRUE,FALSE
60,non-binary,3,Facebook,Sports,United States,Sub_Urban,Marketer Manager,14474,FALSE,TRUE
54,female,5,Instagram,Sports,United States,Urban,Software Engineer,13071,TRUE,FALSE
29,non-binary,1,Instagram,Lifestlye,United States,Urban,Marketer Manager,10555,FALSE,FALSE
20,female,7,YouTube,Sports,Australia,Sub_Urban,Marketer Manager,18547,FALSE,TRUE
18,non-binary,5,YouTube,Travel,United Kingdom,Urban,Software Engineer,11563,FALSE,FALSE
50,male,8,Facebook,Sports,Australia,Sub_Urban,Student,11040,TRUE,FALSE
57,female,8,Facebook,Travel,United Kingdom,Urban,Marketer Manager,12686,TRUE,TRUE
27,non-binary,9,Instagram,Travel,United States,Rural,Software Engineer,12553,TRUE,TRUE
60,non-binary,7,YouTube,Travel,Australia,Urban,Student,11779,FALSE,FALSE
61,male,1,Facebook,Travel,United States,Rural,Student,10075,TRUE,TRUE
46,female,3,Facebook,Travel,United Kingdom,Rural,Student,14326,FALSE,TRUE
30,non-binary,8,Facebook,Sports,United Kingdom,Sub_Urban,Marketer Manager,15835,TRUE,TRUE
29,male,3,Facebook,Travel,United Kingdom,Urban,Marketer Manager,15057,TRUE,FALSE
48,non-binary,8,Facebook,Sports,United States,Sub_Urban,Marketer Manager,12349,TRUE,FALSE
63,female,1,Facebook,Travel,United Kingdom,Urban,Student,12773,TRUE,TRUE
19,non-binary,5,Instagram,Lifestlye,United States,Rural,Marketer Manager,12262,FALSE,FALSE
52,non-binary,4,YouTube,Travel,Australia,Rural,Software Engineer,13229,FALSE,TRUE
40,non-binary,5,YouTube,Lifestlye,United Kingdom,Urban,Marketer Manager,10392,FALSE,TRUE
34,non-binary,8,Facebook,Travel,United Kingdom,Urban,Marketer Manager,11108,FALSE,TRUE
43,male,4,YouTube,Travel,United Kingdom,Sub_Urban,Student,14362,TRUE,TRUE
25,male,4,YouTube,Travel,Australia,Urban,Marketer Manager,15188,FALSE,TRUE
46,female,3,YouTube,Lifestlye,United Kingdom,Urban,Software Engineer,18802,FALSE,FALSE
43,male,7,Facebook,Lifestlye,United States,Urban,Student,15057,FALSE,FALSE
27,male,3,Facebook,Travel,United States,Sub_Urban,Software Engineer,13998,TRUE,FALSE
43,female,3,YouTube,Sports,United Kingdom,Urban,Student,18864,FALSE,FALSE
51,male,5,YouTube,Travel,United Kingdom,Rural,Student,16566,FALSE,TRUE
58,male,5,Facebook,Lifestlye,Australia,Sub_Urban,Marketer Manager,13677,TRUE,TRUE
24,female,6,Instagram,Travel,Australia,Sub_Urban,Software Engineer,15796,TRUE,FALSE
21,female,8,YouTube,Lifestlye,Australia,Rural,Student,16363,FALSE,FALSE
62,female,6,Instagram,Lifestlye,United Kingdom,Rural,Marketer Manager,18123,FALSE,TRUE
28,non-binary,1,YouTube,Lifestlye,Australia,Rural,Student,18222,TRUE,TRUE
46,non-binary,8,Instagram,Travel,Australia,Urban,Student,17690,FALSE,TRUE
53,female,8,Instagram,Lifestlye,United States,Rural,Student,11400,TRUE,FALSE
42,female,9,Instagram,Lifestlye,Australia,Urban,Student,14071,FALSE,TRUE
38,female,9,Facebook,Travel,United States,Sub_Urban,Student,18808,FALSE,TRUE
53,non-binary,2,Instagram,Lifestlye,United States,Sub_Urban,Student,12786,FALSE,FALSE
27,non-binary,2,Instagram,Travel,Australia,Rural,Marketer Manager,17169,FALSE,FALSE
54,male,3,Instagram,Lifestlye,United States,Urban,Student,10870,FALSE,FALSE
26,male,1,YouTube,Sports,United Kingdom,Rural,Software Engineer,14196,TRUE,TRUE
41,female,4,Instagram,Sports,United Kingdom,Rural,Marketer Manager,19604,TRUE,TRUE
52,non-binary,4,YouTube,Lifestlye,Australia,Urban,Software Engineer,12739,FALSE,FALSE
52,non-binary,9,Instagram,Sports,United Kingdom,Rural,Student,10940,FALSE,TRUE
53,non-binary,9,Instagram,Travel,United States,Sub_Urban,Software Engineer,10340,FALSE,TRUE
35,female,9,Facebook,Sports,United Kingdom,Rural,Student,17422,TRUE,TRUE
56,male,7,YouTube,Lifestlye,Australia,Urban,Student,14133,TRUE,FALSE
49,female,2,Instagram,Lifestlye,Australia,Urban,Marketer Manager,10659,TRUE,FALSE
41,male,5,YouTube,Travel,United States,Sub_Urban,Marketer Manager,19752,TRUE,TRUE
40,male,4,YouTube,Lifestlye,Australia,Urban,Student,13457,TRUE,TRUE
49,female,8,Facebook,Travel,United Kingdom,Urban,Marketer Manager,19848,TRUE,TRUE
54,male,2,Facebook,Sports,Australia,Sub_Urban,Software Engineer,12975,TRUE,TRUE
29,male,6,Facebook,Sports,United States,Rural,Marketer Manager,19241,TRUE,FALSE
30,non-binary,5,Facebook,Travel,Australia,Sub_Urban,Marketer Manager,10453,FALSE,FALSE
40,male,2,Facebook,Travel,United Kingdom,Rural,Software Engineer,19896,TRUE,TRUE
42,female,1,Facebook,Lifestlye,United States,Sub_Urban,Marketer Manager,18184,TRUE,TRUE
52,female,8,Facebook,Sports,United Kingdom,Rural,Student,15442,TRUE,FALSE
58,male,2,Facebook,Travel,United States,Sub_Urban,Software Engineer,10818,TRUE,TRUE
47,non-binary,7,Instagram,Sports,Australia,Rural,Student,14868,FALSE,FALSE
34,non-binary,9,YouTube,Travel,United States,Sub_Urban,Software Engineer,10012,TRUE,TRUE
37,male,9,Facebook,Sports,United States,Rural,Student,17727,FALSE,FALSE
42,male,8,Facebook,Lifestlye,Australia,Sub_Urban,Student,10920,FALSE,TRUE
39,female,9,YouTube,Sports,United Kingdom,Urban,Marketer Manager,14920,FALSE,TRUE
30,male,2,Instagram,Sports,Australia,Rural,Student,12418,TRUE,FALSE
36,non-binary,6,YouTube,Sports,United States,Sub_Urban,Marketer Manager,19506,TRUE,FALSE
53,male,4,YouTube,Sports,Australia,Rural,Software Engineer,16475,TRUE,TRUE
29,female,4,Facebook,Sports,United States,Rural,Student,12017,FALSE,TRUE
58,female,5,YouTube,Lifestlye,Australia,Sub_Urban,Student,17957,FALSE,FALSE
36,female,3,YouTube,Travel,Australia,Rural,Software Engineer,19420,FALSE,FALSE
29,female,1,Facebook,Sports,United Kingdom,Sub_Urban,Software Engineer,14792,FALSE,TRUE
26,female,8,Facebook,Lifestlye,United States,Urban,Student,16830,TRUE,TRUE
24,male,5,Facebook,Sports,United Kingdom,Rural,Software Engineer,12434,TRUE,FALSE
45,male,3,Facebook,Sports,United States,Urban,Marketer Manager,12868,TRUE,FALSE
31,male,7,YouTube,Travel,Australia,Rural,Software Engineer,11438,FALSE,FALSE
48,male,7,YouTube,Sports,United States,Rural,Software Engineer,13543,FALSE,FALSE
36,female,1,Instagram,Lifestlye,United Kingdom,Rural,Student,11781,TRUE,FALSE
64,non-binary,9,Instagram,Lifestlye,United Kingdom,Sub_Urban,Marketer Manager,16343,TRUE,TRUE
33,male,2,YouTube,Travel,United Kingdom,Urban,Software Engineer,12263,FALSE,TRUE
22,non-binary,5,Instagram,Sports,United States,Rural,Marketer Manager,10211,TRUE,FALSE
52,male,5,YouTube,Lifestlye,United Kingdom,Sub_Urban,Marketer Manager,18699,TRUE,TRUE
29,male,8,Instagram,Sports,United Kingdom,Rural,Marketer Manager,16159,FALSE,TRUE
42,non-binary,8,Facebook,Sports,United Kingdom,Sub_Urban,Student,17027,FALSE,FALSE
38,female,7,Instagram,Sports,Australia,Rural,Software Engineer,10331,FALSE,TRUE
53,male,7,Facebook,Travel,Australia,Urban,Student,16860,TRUE,TRUE
40,male,6,Facebook,Sports,United States,Urban,Software Engineer,18044,FALSE,TRUE
33,male,6,Facebook,Lifestlye,United States,Rural,Software Engineer,18169,TRUE,FALSE
56,non-binary,9,Facebook,Sports,United Kingdom,Sub_Urban,Student,18742,TRUE,FALSE
62,female,6,Instagram,Lifestlye,Australia,Rural,Marketer Manager,15720,FALSE,TRUE
59,non-binary,2,YouTube,Sports,United Kingdom,Sub_Urban,Marketer Manager,19133,TRUE,TRUE
56,non-binary,2,Facebook,Lifestlye,United Kingdom,Rural,Software Engineer,10727,FALSE,TRUE
31,female,5,Instagram,Lifestlye,Australia,Sub_Urban,Student,14975,FALSE,TRUE
48,non-binary,4,Facebook,Sports,Australia,Urban,Marketer Manager,13243,TRUE,TRUE
22,female,2,Instagram,Sports,Australia,Rural,Marketer Manager,10648,TRUE,TRUE
52,male,3,Instagram,Lifestlye,United States,Urban,Software Engineer,15095,FALSE,FALSE
40,female,7,Instagram,Travel,United States,Urban,Software Engineer,16614,FALSE,TRUE
46,male,8,YouTube,Sports,United Kingdom,Rural,Student,17135,FALSE,TRUE
60,non-binary,6,Instagram,Travel,United States,Rural,Software Engineer,11009,FALSE,FALSE
28,non-binary,5,Instagram,Sports,Australia,Sub_Urban,Marketer Manager,11550,FALSE,TRUE
35,male,1,YouTube,Sports,Australia,Sub_Urban,Marketer Manager,18995,FALSE,TRUE
64,non-binary,8,YouTube,Sports,United States,Urban,Marketer Manager,17492,TRUE,TRUE
29,female,3,Instagram,Sports,United Kingdom,Sub_Urban,Marketer Manager,13401,TRUE,TRUE
26,male,6,YouTube,Travel,United Kingdom,Sub_Urban,Student,17447,TRUE,FALSE
27,non-binary,3,Facebook,Sports,United States,Rural,Student,15424,TRUE,TRUE
61,male,7,Facebook,Lifestlye,United Kingdom,Sub_Urban,Software Engineer,14241,FALSE,FALSE
34,female,7,YouTube,Lifestlye,United Kingdom,Urban,Software Engineer,13161,TRUE,TRUE
55,female,9,YouTube,Travel,United Kingdom,Sub_Urban,Software Engineer,14155,TRUE,TRUE
24,non-binary,5,Instagram,Sports,Australia,Urban,Student,17478,FALSE,FALSE
63,female,8,YouTube,Lifestlye,Australia,Rural,Marketer Manager,18719,TRUE,TRUE
30,male,8,Instagram,Travel,United States,Urban,Software Engineer,19215,FALSE,FALSE
57,female,1,Facebook,Sports,Australia,Sub_Urban,Marketer Manager,16617,FALSE,FALSE
59,male,5,YouTube,Lifestlye,United Kingdom,Rural,Software Engineer,15660,FALSE,FALSE
26,male,3,Instagram,Lifestlye,Australia,Sub_Urban,Software Engineer,18624,FALSE,TRUE
44,female,1,Instagram,Travel,United States,Rural,Software Engineer,11176,FALSE,TRUE
19,non-binary,4,Facebook,Sports,Australia,Rural,Software Engineer,17956,TRUE,TRUE
22,female,8,YouTube,Sports,United Kingdom,Sub_Urban,Software Engineer,18592,TRUE,TRUE
46,male,3,Facebook,Lifestlye,United Kingdom,Sub_Urban,Marketer Manager,12233,TRUE,FALSE
54,male,2,Instagram,Lifestlye,United States,Rural,Software Engineer,14700,FALSE,TRUE
55,female,9,Instagram,Lifestlye,Australia,Rural,Marketer Manager,15906,TRUE,TRUE
36,non-binary,5,YouTube,Sports,Australia,Sub_Urban,Student,17860,TRUE,FALSE
25,non-binary,7,Instagram,Travel,Australia,Urban,Software Engineer,17526,TRUE,FALSE
62,male,2,YouTube,Travel,United Kingdom,Sub_Urban,Marketer Manager,15559,TRUE,TRUE
18,male,9,Facebook,Sports,United States,Rural,Student,16732,FALSE,FALSE
39,non-binary,9,YouTube,Travel,Australia,Sub_Urban,Student,12513,TRUE,FALSE
34,female,4,YouTube,Lifestlye,United Kingdom,Urban,Student,17830,FALSE,FALSE
24,male,4,Instagram,Travel,United Kingdom,Sub_Urban,Marketer Manager,19965,FALSE,FALSE
42,male,6,Instagram,Travel,United Kingdom,Rural,Software Engineer,16944,TRUE,FALSE
62,non-binary,6,YouTube,Travel,Australia,Sub_Urban,Software Engineer,17910,FALSE,TRUE
21,female,1,Instagram,Lifestlye,Australia,Rural,Marketer Manager,15649,FALSE,TRUE
53,non-binary,9,Instagram,Sports,Australia,Rural,Software Engineer,11096,FALSE,TRUE
23,female,2,Instagram,Lifestlye,Australia,Sub_Urban,Marketer Manager,19120,FALSE,TRUE
48,female,5,YouTube,Sports,Australia,Rural,Software Engineer,11951,FALSE,TRUE
36,female,9,Instagram,Sports,Australia,Rural,Student,19746,FALSE,TRUE
61,male,4,YouTube,Sports,Australia,Urban,Software Engineer,19186,FALSE,TRUE
56,non-binary,3,Instagram,Travel,Australia,Urban,Marketer Manager,17799,TRUE,FALSE
44,non-binary,7,Facebook,Travel,Australia,Urban,Marketer Manager,18804,TRUE,TRUE
27,female,6,Instagram,Sports,United Kingdom,Urban,Student,10595,FALSE,TRUE
43,male,8,Instagram,Sports,Australia,Rural,Marketer Manager,17875,FALSE,TRUE
36,male,3,YouTube,Travel,United States,Sub_Urban,Software Engineer,19033,TRUE,FALSE
56,non-binary,5,YouTube,Lifestlye,United Kingdom,Rural,Software Engineer,14439,TRUE,TRUE
20,male,4,Instagram,Sports,Australia,Rural,Student,15972,TRUE,TRUE
62,male,4,Facebook,Lifestlye,United States,Rural,Marketer Manager,10858,TRUE,FALSE
30,female,4,Instagram,Travel,Australia,Sub_Urban,Student,15519,FALSE,TRUE
45,male,8,Instagram,Sports,United States,Urban,Software Engineer,17385,FALSE,TRUE
37,female,6,Facebook,Lifestlye,United States,Rural,Student,18636,TRUE,FALSE
45,non-binary,3,YouTube,Lifestlye,United States,Rural,Marketer Manager,19980,TRUE,TRUE
25,male,5,Instagram,Lifestlye,United States,Urban,Student,14317,TRUE,FALSE
58,non-binary,6,YouTube,Travel,United Kingdom,Rural,Marketer Manager,13454,TRUE,TRUE
56,non-binary,5,YouTube,Travel,United Kingdom,Sub_Urban,Marketer Manager,11030,FALSE,TRUE
18,male,6,Facebook,Lifestlye,United States,Rural,Software Engineer,19487,TRUE,TRUE
20,male,8,Facebook,Lifestlye,Australia,Rural,Software Engineer,17906,TRUE,FALSE
30,non-binary,7,YouTube,Travel,United States,Urban,Software Engineer,11447,TRUE,FALSE
45,male,5,Instagram,Lifestlye,United Kingdom,Rural,Marketer Manager,12850,FALSE,FALSE
42,female,6,YouTube,Lifestlye,Australia,Rural,Student,18106,FALSE,TRUE
50,female,4,Instagram,Travel,United Kingdom,Sub_Urban,Marketer Manager,17151,FALSE,TRUE
55,male,9,Instagram,Lifestlye,United Kingdom,Urban,Software Engineer,19503,TRUE,FALSE
23,non-binary,4,Facebook,Lifestlye,Australia,Urban,Software Engineer,16952,TRUE,FALSE
61,male,1,Instagram,Lifestlye,United States,Sub_Urban,Student,14055,TRUE,TRUE
62,male,7,Instagram,Travel,United States,Rural,Software Engineer,15402,FALSE,TRUE
49,non-binary,7,YouTube,Lifestlye,United States,Urban,Software Engineer,19281,FALSE,TRUE
62,non-binary,4,Facebook,Travel,United States,Urban,Software Engineer,11672,TRUE,TRUE
64,female,3,Instagram,Travel,Australia,Rural,Student,14532,TRUE,FALSE
38,non-binary,8,Instagram,Sports,Australia,Rural,Marketer Manager,14924,FALSE,TRUE
33,female,5,Facebook,Sports,Australia,Urban,Software Engineer,16085,TRUE,TRUE
38,non-binary,7,YouTube,Lifestlye,United Kingdom,Rural,Student,17734,TRUE,TRUE
28,male,4,Facebook,Travel,Australia,Urban,Software Engineer,14864,TRUE,TRUE
54,female,4,Facebook,Sports,United States,Rural,Student,19316,FALSE,TRUE
53,female,8,Instagram,Lifestlye,United Kingdom,Rural,Software Engineer,11221,TRUE,TRUE
52,female,8,Instagram,Sports,United States,Sub_Urban,Student,12860,TRUE,TRUE
36,male,2,YouTube,Sports,United States,Rural,Software Engineer,18428,TRUE,FALSE
37,male,2,Instagram,Travel,Australia,Sub_Urban,Marketer Manager,19336,TRUE,FALSE
35,male,3,Instagram,Travel,Australia,Rural,Software Engineer,13253,FALSE,FALSE
64,male,3,Facebook,Sports,United States,Urban,Student,13782,FALSE,TRUE
58,male,1,Instagram,Sports,United States,Urban,Software Engineer,16957,FALSE,FALSE
31,female,3,YouTube,Travel,United Kingdom,Rural,Marketer Manager,10766,TRUE,TRUE
32,male,6,Facebook,Lifestlye,Australia,Rural,Software Engineer,12681,FALSE,TRUE
48,female,8,YouTube,Travel,United Kingdom,Urban,Student,17710,TRUE,TRUE
18,male,6,Facebook,Sports,United Kingdom,Rural,Student,17482,FALSE,TRUE
20,non-binary,5,Instagram,Lifestlye,United Kingdom,Sub_Urban,Marketer Manager,15086,TRUE,FALSE
33,female,4,Facebook,Sports,United States,Sub_Urban,Student,17964,FALSE,TRUE
40,non-binary,3,Facebook,Lifestlye,United Kingdom,Sub_Urban,Software Engineer,12665,FALSE,TRUE
28,female,4,Instagram,Sports,United Kingdom,Sub_Urban,Software Engineer,19951,FALSE,FALSE
29,non-binary,7,Instagram,Lifestlye,United States,Sub_Urban,Software Engineer,13513,TRUE,FALSE
27,male,1,YouTube,Lifestlye,Australia,Rural,Student,10495,TRUE,FALSE
49,male,7,YouTube,Sports,Australia,Rural,Software Engineer,15822,TRUE,TRUE
33,male,1,Instagram,Lifestlye,United Kingdom,Sub_Urban,Software Engineer,12072,FALSE,FALSE
25,female,2,Instagram,Travel,United States,Rural,Software Engineer,17795,TRUE,TRUE
55,non-binary,4,Instagram,Sports,Australia,Rural,Marketer Manager,18529,TRUE,TRUE
29,male,1,Facebook,Travel,United Kingdom,Sub_Urban,Student,13949,TRUE,FALSE
41,non-binary,9,Facebook,Sports,United Kingdom,Rural,Student,16033,TRUE,FALSE
45,non-binary,6,Facebook,Lifestlye,United States,Rural,Student,18328,TRUE,FALSE
25,male,1,Instagram,Lifestlye,United Kingdom,Rural,Marketer Manager,12555,TRUE,TRUE
45,male,1,YouTube,Lifestlye,Australia,Sub_Urban,Student,16370,FALSE,TRUE
53,non-binary,6,Instagram,Sports,United States,Rural,Marketer Manager,14415,FALSE,TRUE
43,male,4,Facebook,Travel,Australia,Urban,Marketer Manager,15959,TRUE,TRUE
25,male,4,Facebook,Travel,Australia,Urban,Student,19107,FALSE,TRUE
45,male,6,Instagram,Sports,Australia,Sub_Urban,Software Engineer,15993,FALSE,TRUE
45,female,7,Instagram,Sports,United Kingdom,Urban,Software Engineer,15021,TRUE,FALSE
54,non-binary,9,Facebook,Travel,United Kingdom,Sub_Urban,Student,12907,TRUE,TRUE
58,non-binary,5,Facebook,Travel,Australia,Urban,Student,12914,FALSE,FALSE
53,female,9,Facebook,Travel,Australia,Urban,Marketer Manager,13870,TRUE,FALSE
44,non-binary,4,Instagram,Travel,United States,Urban,Student,19190,FALSE,FALSE
34,male,2,Facebook,Sports,United States,Sub_Urban,Marketer Manager,15085,FALSE,FALSE
26,non-binary,3,Facebook,Sports,United Kingdom,Sub_Urban,Student,16546,FALSE,FALSE
50,male,1,YouTube,Lifestlye,United Kingdom,Rural,Software Engineer,10395,TRUE,TRUE
37,female,6,Instagram,Travel,United States,Sub_Urban,Software Engineer,10938,FALSE,TRUE
30,male,6,YouTube,Lifestlye,Australia,Urban,Student,19828,TRUE,TRUE
45,non-binary,1,YouTube,Sports,United Kingdom,Urban,Marketer Manager,12510,TRUE,TRUE
46,non-binary,3,Facebook,Sports,Australia,Sub_Urban,Software Engineer,14636,TRUE,FALSE
30,non-binary,5,Instagram,Lifestlye,United States,Sub_Urban,Marketer Manager,11649,TRUE,FALSE
63,female,3,Facebook,Travel,United Kingdom,Sub_Urban,Student,13690,TRUE,FALSE
52,female,3,Instagram,Travel,United Kingdom,Rural,Student,13435,FALSE,TRUE
23,non-binary,3,YouTube,Travel,United States,Urban,Software Engineer,13201,TRUE,TRUE
35,male,5,Instagram,Travel,United Kingdom,Rural,Student,14179,TRUE,TRUE
22,female,5,Facebook,Lifestlye,United States,Rural,Software Engineer,18405,TRUE,TRUE
64,non-binary,4,Facebook,Lifestlye,United Kingdom,Urban,Marketer Manager,13237,TRUE,FALSE
42,non-binary,1,Facebook,Sports,United States,Urban,Software Engineer,13862,TRUE,FALSE
19,female,5,Instagram,Travel,United Kingdom,Sub_Urban,Software Engineer,10058,FALSE,TRUE
27,female,5,YouTube,Travel,Australia,Sub_Urban,Marketer Manager,14938,TRUE,TRUE
47,female,4,YouTube,Travel,Australia,Rural,Software Engineer,12971,TRUE,FALSE
62,male,6,Instagram,Lifestlye,Australia,Sub_Urban,Software Engineer,19719,FALSE,FALSE
22,male,4,Facebook,Travel,United Kingdom,Sub_Urban,Student,18314,TRUE,FALSE
50,non-binary,7,YouTube,Lifestlye,United Kingdom,Urban,Marketer Manager,19628,FALSE,FALSE
18,female,7,Facebook,Travel,Australia,Urban,Software Engineer,19354,FALSE,TRUE
35,male,2,Instagram,Travel,Australia,Sub_Urban,Marketer Manager,13345,FALSE,FALSE
49,female,3,Facebook,Sports,United States,Urban,Marketer Manager,12486,FALSE,FALSE
64,non-binary,1,YouTube,Travel,United States,Sub_Urban,Software Engineer,10561,TRUE,FALSE
28,male,8,YouTube,Travel,United States,Urban,Student,13981,TRUE,FALSE
38,male,9,Facebook,Sports,Australia,Urban,Marketer Manager,16261,FALSE,TRUE
43,male,4,Instagram,Lifestlye,Australia,Urban,Software Engineer,11737,FALSE,TRUE
42,non-binary,6,Facebook,Lifestlye,Australia,Urban,Marketer Manager,19096,TRUE,TRUE
39,female,9,Instagram,Travel,United States,Sub_Urban,Student,13554,FALSE,TRUE
44,male,6,Facebook,Lifestlye,United Kingdom,Rural,Student,19918,FALSE,TRUE
30,non-binary,9,YouTube,Travel,Australia,Urban,Student,19126,FALSE,TRUE
50,female,4,Instagram,Sports,United Kingdom,Sub_Urban,Software Engineer,17095,TRUE,FALSE
51,non-binary,8,Instagram,Sports,United Kingdom,Sub_Urban,Software Engineer,18266,FALSE,FALSE
58,female,9,Instagram,Travel,United Kingdom,Urban,Student,10294,TRUE,FALSE
52,non-binary,4,YouTube,Sports,United States,Rural,Software Engineer,18212,TRUE,FALSE
18,female,5,Facebook,Sports,United Kingdom,Urban,Student,19230,TRUE,TRUE
38,male,8,YouTube,Travel,Australia,Sub_Urban,Software Engineer,15330,FALSE,FALSE
23,female,6,Instagram,Travel,United States,Rural,Student,14655,FALSE,TRUE
45,non-binary,7,Facebook,Sports,Australia,Sub_Urban,Marketer Manager,11109,TRUE,FALSE
34,non-binary,3,YouTube,Lifestlye,Australia,Urban,Student,13771,TRUE,FALSE
22,female,7,Instagram,Lifestlye,United States,Rural,Student,18563,TRUE,FALSE
48,male,8,Instagram,Travel,Australia,Sub_Urban,Software Engineer,16123,FALSE,TRUE
22,male,6,YouTube,Travel,Australia,Sub_Urban,Software Engineer,17647,FALSE,FALSE
55,female,9,YouTube,Lifestlye,United States,Sub_Urban,Software Engineer,11174,TRUE,TRUE
20,female,6,YouTube,Sports,Australia,Urban,Software Engineer,11164,TRUE,TRUE
40,non-binary,9,Instagram,Lifestlye,United Kingdom,Rural,Software Engineer,19284,FALSE,FALSE
54,male,4,YouTube,Lifestlye,Australia,Urban,Software Engineer,19475,TRUE,TRUE
54,female,8,Instagram,Lifestlye,United Kingdom,Urban,Marketer Manager,19037,FALSE,TRUE
27,male,4,YouTube,Lifestlye,Australia,Urban,Student,18712,FALSE,FALSE
27,female,2,Instagram,Travel,United States,Rural,Student,14466,TRUE,FALSE
36,female,9,Instagram,Travel,United States,Urban,Student,15538,TRUE,FALSE
34,male,5,Facebook,Sports,Australia,Urban,Marketer Manager,17111,FALSE,FALSE
38,female,4,YouTube,Sports,United States,Urban,Student,18434,FALSE,FALSE
31,female,2,YouTube,Sports,Australia,Urban,Marketer Manager,12800,FALSE,FALSE
26,non-binary,1,Instagram,Sports,United States,Sub_Urban,Marketer Manager,14607,FALSE,TRUE
63,female,7,Instagram,Lifestlye,United Kingdom,Urban,Marketer Manager,17262,FALSE,FALSE
18,female,6,Instagram,Travel,Australia,Sub_Urban,Student,11541,TRUE,FALSE
62,female,2,Facebook,Travel,United Kingdom,Urban,Marketer Manager,12765,FALSE,TRUE
30,non-binary,8,Facebook,Sports,United Kingdom,Rural,Student,14491,FALSE,FALSE
21,male,4,Instagram,Sports,Australia,Sub_Urban,Student,13083,FALSE,TRUE
18,non-binary,8,YouTube,Lifestlye,United Kingdom,Sub_Urban,Software Engineer,15356,TRUE,FALSE
57,non-binary,7,YouTube,Lifestlye,Australia,Sub_Urban,Software Engineer,11857,TRUE,FALSE
49,male,5,Facebook,Sports,United Kingdom,Sub_Urban,Marketer Manager,10769,FALSE,TRUE
51,non-binary,8,Facebook,Travel,Australia,Rural,Marketer Manager,11422,FALSE,FALSE
45,male,9,Instagram,Travel,Australia,Urban,Student,18598,TRUE,TRUE
48,non-binary,5,YouTube,Travel,United States,Sub_Urban,Marketer Manager,12972,TRUE,FALSE
25,male,5,Instagram,Sports,Australia,Rural,Marketer Manager,11872,TRUE,FALSE
56,female,2,Facebook,Travel,Australia,Sub_Urban,Student,15599,TRUE,TRUE
43,non-binary,5,YouTube,Lifestlye,United Kingdom,Urban,Marketer Manager,12269,FALSE,FALSE
51,non-binary,3,YouTube,Lifestlye,Australia,Sub_Urban,Marketer Manager,15275,TRUE,FALSE
20,non-binary,7,Facebook,Sports,United States,Rural,Student,14749,FALSE,TRUE
29,non-binary,5,Instagram,Lifestlye,United Kingdom,Urban,Student,16571,FALSE,FALSE
18,female,8,Instagram,Sports,United Kingdom,Rural,Software Engineer,19373,TRUE,TRUE
61,non-binary,1,YouTube,Travel,United States,Urban,Student,15072,TRUE,FALSE
22,female,3,Facebook,Travel,United Kingdom,Urban,Software Engineer,19631,TRUE,TRUE
47,female,3,YouTube,Travel,United Kingdom,Urban,Marketer Manager,15463,TRUE,FALSE
47,female,9,Facebook,Lifestlye,United Kingdom,Sub_Urban,Student,17450,FALSE,TRUE
34,female,5,Instagram,Sports,United Kingdom,Rural,Student,18420,FALSE,TRUE
64,male,9,Facebook,Travel,United States,Rural,Student,13959,FALSE,FALSE
40,male,9,Instagram,Sports,United States,Rural,Marketer Manager,11313,TRUE,FALSE
32,non-binary,1,Facebook,Travel,United Kingdom,Urban,Software Engineer,17847,FALSE,TRUE
54,male,2,YouTube,Lifestlye,United Kingdom,Sub_Urban,Marketer Manager,11070,TRUE,FALSE
38,male,5,Instagram,Lifestlye,United States,Urban,Marketer Manager,19166,FALSE,TRUE
31,non-binary,4,YouTube,Sports,United States,Rural,Student,19930,TRUE,FALSE
19,non-binary,9,YouTube,Lifestlye,United States,Sub_Urban,Software Engineer,13285,FALSE,FALSE
28,non-binary,7,Instagram,Lifestlye,United Kingdom,Sub_Urban,Marketer Manager,18949,FALSE,TRUE
56,male,6,Instagram,Sports,United Kingdom,Sub_Urban,Student,13095,TRUE,TRUE
55,male,7,YouTube,Travel,Australia,Rural,Marketer Manager,10320,FALSE,FALSE
51,non-binary,1,YouTube,Lifestlye,United States,Sub_Urban,Marketer Manager,12321,FALSE,FALSE
55,female,1,YouTube,Sports,United Kingdom,Sub_Urban,Student,10555,TRUE,FALSE
51,non-binary,8,YouTube,Lifestlye,United States,Urban,Student,14939,TRUE,FALSE
35,female,2,Instagram,Lifestlye,United Kingdom,Urban,Software Engineer,15432,TRUE,FALSE
47,female,9,Instagram,Lifestlye,United States,Sub_Urban,Marketer Manager,11386,TRUE,TRUE
32,non-binary,7,YouTube,Lifestlye,United Kingdom,Sub_Urban,Student,14763,TRUE,FALSE
44,non-binary,6,Facebook,Sports,Australia,Urban,Student,16854,FALSE,FALSE
51,non-binary,1,Facebook,Sports,Australia,Urban,Software Engineer,17637,TRUE,TRUE
55,male,1,Instagram,Sports,United States,Urban,Software Engineer,14841,FALSE,TRUE
50,female,2,YouTube,Lifestlye,United Kingdom,Rural,Student,13867,FALSE,TRUE
41,male,6,YouTube,Lifestlye,United Kingdom,Rural,Software Engineer,13793,TRUE,FALSE
32,male,6,Instagram,Lifestlye,United States,Urban,Student,17373,FALSE,TRUE
47,non-binary,2,Facebook,Sports,United Kingdom,Sub_Urban,Marketer Manager,12513,FALSE,TRUE
59,male,1,Facebook,Lifestlye,United States,Urban,Software Engineer,13803,TRUE,TRUE
34,non-binary,5,Facebook,Travel,United Kingdom,Rural,Marketer Manager,12327,FALSE,TRUE
22,female,5,Instagram,Lifestlye,United States,Sub_Urban,Marketer Manager,18809,TRUE,FALSE
46,non-binary,2,Facebook,Travel,United Kingdom,Rural,Marketer Manager,12165,TRUE,FALSE
21,male,6,Instagram,Lifestlye,United States,Sub_Urban,Student,13308,TRUE,FALSE
27,male,9,Instagram,Sports,United Kingdom,Rural,Marketer Manager,16452,FALSE,TRUE
34,non-binary,2,YouTube,Lifestlye,Australia,Sub_Urban,Marketer Manager,18067,FALSE,TRUE
27,non-binary,2,Facebook,Travel,United Kingdom,Sub_Urban,Marketer Manager,17642,FALSE,TRUE
34,male,3,Instagram,Travel,United States,Sub_Urban,Student,16404,FALSE,TRUE
37,female,7,Facebook,Lifestlye,Australia,Sub_Urban,Marketer Manager,10992,TRUE,TRUE
41,female,6,Facebook,Travel,United Kingdom,Rural,Marketer Manager,15424,FALSE,TRUE
22,non-binary,8,YouTube,Travel,Australia,Rural,Software Engineer,19569,TRUE,FALSE
51,female,8,Facebook,Sports,United Kingdom,Sub_Urban,Student,14381,FALSE,FALSE
23,male,6,YouTube,Lifestlye,Australia,Sub_Urban,Marketer Manager,13174,FALSE,TRUE
19,non-binary,3,Instagram,Lifestlye,United States,Rural,Software Engineer,14782,FALSE,FALSE
30,male,3,Facebook,Lifestlye,United Kingdom,Sub_Urban,Student,19497,FALSE,TRUE
60,male,1,Instagram,Travel,United Kingdom,Sub_Urban,Student,15560,FALSE,TRUE
60,female,7,Facebook,Lifestlye,United States,Sub_Urban,Student,17460,TRUE,FALSE
28,non-binary,5,Instagram,Lifestlye,Australia,Urban,Student,13078,FALSE,TRUE
64,non-binary,4,Facebook,Sports,United States,Sub_Urban,Student,12983,FALSE,FALSE
40,female,4,Facebook,Sports,United States,Urban,Student,17259,FALSE,TRUE
33,male,4,Facebook,Sports,Australia,Sub_Urban,Marketer Manager,16054,FALSE,TRUE
48,male,6,Facebook,Travel,United States,Rural,Marketer Manager,12523,TRUE,FALSE
28,male,8,Facebook,Lifestlye,United Kingdom,Urban,Marketer Manager,19677,FALSE,TRUE
33,male,8,Facebook,Sports,United Kingdom,Urban,Marketer Manager,14581,TRUE,TRUE
25,non-binary,5,Facebook,Sports,United Kingdom,Sub_Urban,Software Engineer,15609,FALSE,TRUE
21,non-binary,6,Facebook,Sports,United States,Sub_Urban,Marketer Manager,12001,TRUE,FALSE
57,female,4,Facebook,Lifestlye,United Kingdom,Urban,Student,11387,TRUE,TRUE
21,female,9,Instagram,Lifestlye,United Kingdom,Rural,Marketer Manager,16552,TRUE,TRUE
42,non-binary,8,YouTube,Lifestlye,United Kingdom,Rural,Marketer Manager,11030,TRUE,TRUE
20,non-binary,1,Facebook,Travel,United Kingdom,Sub_Urban,Student,19957,TRUE,FALSE
49,male,2,YouTube,Travel,United Kingdom,Rural,Marketer Manager,11220,FALSE,FALSE
20,male,9,Facebook,Sports,United Kingdom,Rural,Marketer Manager,16035,TRUE,FALSE
44,female,8,Facebook,Lifestlye,United States,Sub_Urban,Marketer Manager,19810,FALSE,FALSE
46,non-binary,3,Instagram,Sports,United Kingdom,Rural,Software Engineer,19455,TRUE,FALSE
49,female,8,Instagram,Lifestlye,United Kingdom,Sub_Urban,Marketer Manager,16523,TRUE,TRUE
36,non-binary,1,YouTube,Lifestlye,Australia,Urban,Student,18074,FALSE,FALSE
38,male,4,Instagram,Lifestlye,United States,Sub_Urban,Student,19063,TRUE,FALSE
22,female,3,Instagram,Travel,United States,Urban,Marketer Manager,10834,TRUE,TRUE
35,female,6,YouTube,Travel,United States,Urban,Marketer Manager,19110,TRUE,FALSE
45,non-binary,7,Instagram,Lifestlye,United States,Rural,Marketer Manager,11724,TRUE,TRUE
59,male,4,Facebook,Sports,United Kingdom,Rural,Student,16598,FALSE,FALSE
39,female,7,YouTube,Lifestlye,United Kingdom,Rural,Student,12413,TRUE,TRUE
38,male,9,YouTube,Lifestlye,Australia,Sub_Urban,Software Engineer,19505,TRUE,TRUE
23,female,2,Facebook,Sports,Australia,Rural,Software Engineer,15993,FALSE,FALSE
18,male,3,Instagram,Lifestlye,United States,Urban,Software Engineer,14498,FALSE,FALSE
22,non-binary,5,YouTube,Sports,Australia,Rural,Student,12105,TRUE,TRUE
58,female,3,YouTube,Travel,Australia,Rural,Software Engineer,12568,TRUE,TRUE
29,female,8,Facebook,Travel,United States,Sub_Urban,Marketer Manager,19330,FALSE,TRUE
43,male,8,Facebook,Sports,United States,Sub_Urban,Marketer Manager,10209,TRUE,TRUE
63,male,8,Instagram,Travel,Australia,Urban,Student,19256,FALSE,TRUE
51,female,9,YouTube,Travel,United Kingdom,Sub_Urban,Software Engineer,14911,TRUE,TRUE
31,non-binary,4,Instagram,Sports,Australia,Rural,Marketer Manager,12220,FALSE,TRUE
43,male,5,Instagram,Travel,Australia,Sub_Urban,Student,10233,FALSE,FALSE
62,male,5,Facebook,Lifestlye,United Kingdom,Urban,Software Engineer,10792,FALSE,TRUE
44,male,8,YouTube,Lifestlye,United Kingdom,Rural,Marketer Manager,13110,TRUE,FALSE
26,female,7,YouTube,Sports,United States,Urban,Software Engineer,12166,TRUE,FALSE
43,female,9,YouTube,Travel,United States,Sub_Urban,Student,18526,TRUE,TRUE
64,female,8,Facebook,Lifestlye,Australia,Sub_Urban,Software Engineer,19551,TRUE,TRUE
39,female,2,Facebook,Lifestlye,United Kingdom,Urban,Student,15193,FALSE,FALSE
64,non-binary,4,Facebook,Travel,United States,Rural,Software Engineer,11214,FALSE,TRUE
47,non-binary,6,Facebook,Travel,Australia,Sub_Urban,Marketer Manager,14419,FALSE,TRUE
60,female,2,Facebook,Lifestlye,United Kingdom,Sub_Urban,Student,17314,TRUE,FALSE
34,non-binary,7,YouTube,Lifestlye,Australia,Rural,Student,18475,TRUE,FALSE
43,male,3,Instagram,Sports,United States,Sub_Urban,Student,10212,TRUE,FALSE
53,male,3,YouTube,Sports,United States,Urban,Software Engineer,11658,FALSE,TRUE
18,male,2,Instagram,Lifestlye,United Kingdom,Sub_Urban,Software Engineer,15024,TRUE,TRUE
25,female,8,Facebook,Sports,Australia,Sub_Urban,Marketer Manager,19609,TRUE,FALSE
52,male,6,Instagram,Lifestlye,United Kingdom,Rural,Student,15917,FALSE,TRUE
32,non-binary,1,YouTube,Lifestlye,United States,Urban,Student,15141,FALSE,FALSE
64,female,1,YouTube,Sports,United States,Rural,Software Engineer,11794,TRUE,TRUE
39,non-binary,7,Instagram,Sports,Australia,Sub_Urban,Software Engineer,15988,FALSE,FALSE
31,male,8,Facebook,Travel,Australia,Sub_Urban,Marketer Manager,18296,TRUE,TRUE
43,male,5,Facebook,Travel,Australia,Rural,Marketer Manager,15578,FALSE,FALSE
45,male,5,YouTube,Travel,United Kingdom,Rural,Software Engineer,15551,FALSE,TRUE
40,female,4,Instagram,Lifestlye,Australia,Rural,Student,13845,FALSE,TRUE
31,non-binary,6,Facebook,Sports,Australia,Urban,Marketer Manager,16906,TRUE,FALSE
41,female,6,Facebook,Lifestlye,United States,Sub_Urban,Software Engineer,10378,TRUE,TRUE
19,female,3,YouTube,Sports,United States,Rural,Software Engineer,13293,TRUE,TRUE
62,male,9,Facebook,Lifestlye,Australia,Sub_Urban,Student,13329,FALSE,FALSE
43,female,7,Instagram,Travel,Australia,Urban,Software Engineer,14808,FALSE,TRUE
31,female,1,YouTube,Travel,United States,Urban,Software Engineer,17937,FALSE,TRUE
24,male,7,YouTube,Travel,Australia,Urban,Marketer Manager,10224,FALSE,TRUE
20,female,5,Instagram,Lifestlye,United Kingdom,Urban,Software Engineer,10737,TRUE,FALSE
64,male,5,YouTube,Sports,United Kingdom,Sub_Urban,Software Engineer,10235,TRUE,FALSE
40,male,2,Facebook,Sports,United Kingdom,Urban,Marketer Manager,10711,TRUE,FALSE
63,male,4,Facebook,Travel,Australia,Urban,Student,15988,FALSE,FALSE
60,male,6,Instagram,Travel,United States,Rural,Student,11888,FALSE,FALSE
64,female,7,Facebook,Travel,Australia,Urban,Marketer Manager,17173,TRUE,TRUE
62,male,5,Instagram,Travel,Australia,Rural,Marketer Manager,11259,FALSE,TRUE
35,male,9,Instagram,Sports,United States,Urban,Student,15246,TRUE,FALSE
55,female,3,Facebook,Lifestlye,United States,Urban,Student,17271,FALSE,TRUE
52,female,1,Instagram,Lifestlye,United States,Rural,Student,10748,FALSE,TRUE
32,non-binary,4,Facebook,Lifestlye,United Kingdom,Urban,Student,13551,TRUE,TRUE
42,female,9,YouTube,Lifestlye,Australia,Sub_Urban,Student,16400,TRUE,TRUE
54,female,4,YouTube,Travel,United States,Sub_Urban,Marketer Manager,16643,FALSE,FALSE
45,non-binary,2,Instagram,Travel,Australia,Urban,Software Engineer,18701,TRUE,FALSE
27,female,5,Facebook,Travel,United Kingdom,Sub_Urban,Student,11823,TRUE,TRUE
56,female,3,Facebook,Lifestlye,United Kingdom,Rural,Student,16852,FALSE,TRUE
34,female,9,YouTube,Travel,United States,Urban,Software Engineer,17777,FALSE,FALSE
56,female,4,YouTube,Travel,United States,Urban,Software Engineer,14232,FALSE,TRUE
39,non-binary,6,Facebook,Sports,Australia,Rural,Software Engineer,16519,TRUE,TRUE
43,female,2,Instagram,Sports,United States,Rural,Software Engineer,11777,FALSE,TRUE
61,female,6,YouTube,Travel,Australia,Rural,Software Engineer,11222,FALSE,FALSE
42,non-binary,3,Instagram,Sports,United States,Urban,Software Engineer,17630,FALSE,FALSE
34,male,9,Instagram,Sports,Australia,Rural,Marketer Manager,11777,FALSE,TRUE
30,non-binary,2,YouTube,Travel,Australia,Rural,Software Engineer,19496,FALSE,TRUE
37,male,9,Instagram,Travel,Australia,Sub_Urban,Software Engineer,17490,TRUE,TRUE
42,non-binary,5,Instagram,Travel,Australia,Sub_Urban,Marketer Manager,14859,FALSE,TRUE
21,non-binary,8,Facebook,Travel,United Kingdom,Urban,Software Engineer,18893,FALSE,TRUE
27,female,2,Instagram,Lifestlye,Australia,Sub_Urban,Student,18118,TRUE,TRUE
20,male,6,Facebook,Lifestlye,United States,Sub_Urban,Student,12989,FALSE,FALSE
58,female,3,YouTube,Travel,United Kingdom,Rural,Software Engineer,18343,FALSE,FALSE
62,male,5,YouTube,Sports,United Kingdom,Rural,Marketer Manager,11325,TRUE,TRUE
35,non-binary,8,Facebook,Travel,Australia,Sub_Urban,Student,19493,FALSE,FALSE
64,non-binary,1,YouTube,Travel,United Kingdom,Sub_Urban,Marketer Manager,19903,TRUE,TRUE
53,male,5,Instagram,Sports,Australia,Sub_Urban,Student,15127,FALSE,TRUE
64,female,3,Instagram,Lifestlye,United States,Urban,Software Engineer,18998,TRUE,FALSE
39,female,4,Instagram,Travel,Australia,Urban,Marketer Manager,12722,TRUE,FALSE
51,female,2,YouTube,Travel,United Kingdom,Urban,Marketer Manager,14656,FALSE,TRUE
64,female,9,Instagram,Lifestlye,United States,Sub_Urban,Marketer Manager,11325,TRUE,TRUE
25,non-binary,3,YouTube,Lifestlye,Australia,Sub_Urban,Student,14133,TRUE,FALSE
57,non-binary,2,Instagram,Sports,United States,Urban,Student,19351,FALSE,FALSE
61,non-binary,9,Facebook,Lifestlye,United States,Urban,Student,12869,FALSE,TRUE
36,non-binary,7,YouTube,Lifestlye,United Kingdom,Sub_Urban,Software Engineer,11242,TRUE,TRUE
59,non-binary,6,YouTube,Lifestlye,United States,Rural,Student,18539,FALSE,TRUE
58,female,1,Instagram,Sports,United Kingdom,Urban,Software Engineer,11831,TRUE,FALSE
54,female,5,YouTube,Lifestlye,United States,Sub_Urban,Marketer Manager,11569,TRUE,TRUE
23,female,3,YouTube,Lifestlye,Australia,Sub_Urban,Marketer Manager,17246,FALSE,FALSE
43,female,1,Facebook,Sports,United States,Rural,Software Engineer,11918,FALSE,TRUE
51,non-binary,4,Facebook,Lifestlye,Australia,Sub_Urban,Student,16416,TRUE,FALSE
62,non-binary,2,Instagram,Lifestlye,Australia,Sub_Urban,Software Engineer,13232,FALSE,FALSE
23,non-binary,2,Facebook,Sports,United States,Urban,Marketer Manager,13758,FALSE,FALSE
54,male,3,Instagram,Travel,Australia,Urban,Marketer Manager,15997,TRUE,FALSE
50,female,8,Instagram,Sports,United States,Rural,Software Engineer,12355,TRUE,TRUE
39,female,8,Instagram,Lifestlye,United States,Rural,Student,19589,TRUE,FALSE
38,non-binary,7,YouTube,Lifestlye,Australia,Sub_Urban,Student,11824,TRUE,FALSE
23,female,6,Facebook,Lifestlye,Australia,Urban,Software Engineer,17280,TRUE,FALSE
23,female,9,Instagram,Sports,United Kingdom,Rural,Software Engineer,14060,TRUE,TRUE
21,non-binary,4,Facebook,Lifestlye,Australia,Rural,Student,15324,FALSE,TRUE
47,male,1,Instagram,Lifestlye,United Kingdom,Rural,Marketer Manager,10404,TRUE,TRUE
28,male,8,Facebook,Sports,Australia,Sub_Urban,Software Engineer,11721,FALSE,TRUE
47,male,7,Facebook,Travel,United States,Urban,Student,15316,FALSE,TRUE
48,non-binary,7,Instagram,Travel,Australia,Rural,Student,13845,TRUE,TRUE
41,female,3,YouTube,Lifestlye,United States,Urban,Marketer Manager,14210,FALSE,FALSE
26,non-binary,4,Facebook,Sports,United States,Rural,Marketer Manager,10064,TRUE,FALSE
20,non-binary,9,YouTube,Lifestlye,United States,Rural,Marketer Manager,19491,FALSE,FALSE
48,female,6,YouTube,Sports,United Kingdom,Urban,Marketer Manager,16382,TRUE,TRUE
57,male,5,Instagram,Sports,Australia,Urban,Marketer Manager,19607,TRUE,FALSE
54,male,3,Instagram,Travel,United States,Urban,Software Engineer,10968,TRUE,FALSE
53,non-binary,9,Instagram,Travel,United States,Sub_Urban,Student,10368,TRUE,TRUE
41,male,5,Facebook,Sports,United Kingdom,Rural,Software Engineer,18424,FALSE,FALSE
48,non-binary,5,Instagram,Lifestlye,Australia,Sub_Urban,Software Engineer,12242,FALSE,TRUE
23,non-binary,4,Instagram,Travel,Australia,Urban,Software Engineer,15002,FALSE,FALSE
19,female,4,Facebook,Lifestlye,United Kingdom,Rural,Software Engineer,13083,FALSE,TRUE
37,female,1,Facebook,Travel,United Kingdom,Sub_Urban,Software Engineer,18073,FALSE,TRUE
45,female,7,Instagram,Travel,Australia,Rural,Marketer Manager,19112,TRUE,TRUE
28,non-binary,9,Instagram,Lifestlye,United Kingdom,Sub_Urban,Marketer Manager,18880,TRUE,FALSE
21,female,3,Instagram,Travel,Australia,Urban,Student,11469,TRUE,FALSE
32,male,2,Instagram,Travel,Australia,Sub_Urban,Software Engineer,14725,TRUE,TRUE
23,male,3,YouTube,Lifestlye,United States,Rural,Student,14259,TRUE,TRUE
47,non-binary,1,YouTube,Travel,United States,Rural,Marketer Manager,13622,FALSE,FALSE
55,non-binary,6,Instagram,Travel,Australia,Rural,Marketer Manager,10823,TRUE,FALSE
19,female,7,YouTube,Travel,Australia,Rural,Marketer Manager,13431,TRUE,TRUE
32,non-binary,2,Facebook,Lifestlye,Australia,Urban,Software Engineer,16528,FALSE,FALSE
28,non-binary,8,YouTube,Sports,Australia,Sub_Urban,Software Engineer,14151,FALSE,FALSE
25,male,6,YouTube,Lifestlye,Australia,Urban,Marketer Manager,14213,TRUE,FALSE
43,male,4,Instagram,Sports,Australia,Urban,Student,17420,TRUE,TRUE
62,female,5,YouTube,Travel,United Kingdom,Urban,Student,18989,FALSE,TRUE
61,non-binary,8,YouTube,Sports,Australia,Rural,Marketer Manager,10779,TRUE,FALSE
22,non-binary,3,YouTube,Lifestlye,United Kingdom,Rural,Student,12892,TRUE,TRUE
23,male,3,YouTube,Lifestlye,United Kingdom,Rural,Marketer Manager,15534,TRUE,FALSE
43,non-binary,4,Facebook,Travel,Australia,Sub_Urban,Student,13306,FALSE,FALSE
21,male,1,Instagram,Sports,Australia,Rural,Marketer Manager,12902,TRUE,TRUE
36,female,9,Instagram,Travel,United Kingdom,Sub_Urban,Student,13718,TRUE,TRUE
37,male,8,Facebook,Travel,United Kingdom,Rural,Software Engineer,10021,FALSE,TRUE
50,non-binary,8,YouTube,Lifestlye,Australia,Rural,Marketer Manager,11500,FALSE,FALSE
37,female,6,Facebook,Sports,Australia,Urban,Marketer Manager,19034,FALSE,FALSE
29,male,7,YouTube,Sports,United Kingdom,Urban,Student,19952,TRUE,TRUE
64,male,6,Facebook,Sports,United Kingdom,Urban,Marketer Manager,13641,FALSE,TRUE
18,female,9,Instagram,Sports,United Kingdom,Sub_Urban,Marketer Manager,15212,TRUE,TRUE
43,female,3,Instagram,Travel,United States,Sub_Urban,Marketer Manager,10191,FALSE,FALSE
31,male,3,Instagram,Travel,United Kingdom,Rural,Software Engineer,18587,TRUE,FALSE
55,non-binary,3,YouTube,Lifestlye,United States,Sub_Urban,Software Engineer,17174,FALSE,FALSE
54,male,3,YouTube,Travel,Australia,Rural,Student,15114,TRUE,TRUE
28,female,9,Facebook,Travel,Australia,Sub_Urban,Software Engineer,14662,TRUE,TRUE
53,male,4,Facebook,Lifestlye,United Kingdom,Sub_Urban,Student,14326,FALSE,FALSE
30,female,7,Instagram,Lifestlye,Australia,Sub_Urban,Software Engineer,19065,FALSE,TRUE
60,female,9,YouTube,Lifestlye,Australia,Urban,Student,14335,TRUE,TRUE
20,non-binary,7,Facebook,Travel,Australia,Sub_Urban,Software Engineer,18281,FALSE,TRUE
50,female,9,YouTube,Travel,Australia,Urban,Software Engineer,18648,TRUE,TRUE
23,female,3,YouTube,Lifestlye,United States,Urban,Student,19196,FALSE,FALSE
27,non-binary,4,Instagram,Lifestlye,United States,Sub_Urban,Marketer Manager,15494,FALSE,TRUE
22,female,8,Instagram,Lifestlye,United Kingdom,Rural,Marketer Manager,18536,TRUE,FALSE
40,non-binary,6,YouTube,Travel,United Kingdom,Rural,Software Engineer,12711,FALSE,FALSE
27,non-binary,5,YouTube,Travel,United Kingdom,Rural,Student,17595,FALSE,TRUE
61,female,4,YouTube,Sports,Australia,Sub_Urban,Marketer Manager,16273,TRUE,FALSE
19,female,8,YouTube,Travel,Australia,Rural,Student,16284,TRUE,FALSE
